Value,StationName,ParameterName,ReadingDate
,Carrot Creek,Total Oxides of Nitrogen,2025-12-11T23:00:00-07:00
,Carrot Creek,Nitrogen Dioxide,2025-12-11T23:00:00-07:00
,Carrot Creek,Sulphur Dioxide,2025-12-11T23:00:00-07:00
,Carrot Creek,Nitric Oxide,2025-12-11T23:00:00-07:00
,Carrot Creek,Ozone,2025-12-11T23:00:00-07:00
,Carrot Creek,Relative Humidity,2025-12-11T23:00:00-07:00
,Carrot Creek,Outdoor Temperature,2025-12-11T23:00:00-07:00
,Carrot Creek,Wind Direction,2025-12-11T23:00:00-07:00
,Carrot Creek,Wind Speed,2025-12-11T23:00:00-07:00
2.8,Carrot Creek,Wind Speed,2025-12-11T22:00:00-07:00
0.0,Carrot Creek,Nitric Oxide,2025-12-11T22:00:00-07:00
0.0,Carrot Creek,Sulphur Dioxide,2025-12-11T22:00:00-07:00
0.027,Carrot Creek,Ozone,2025-12-11T22:00:00-07:00
-21.1,Carrot Creek,Outdoor Temperature,2025-12-11T22:00:00-07:00
0.003,Carrot Creek,Total Oxides of Nitrogen,2025-12-11T22:00:00-07:00
0.003,Carrot Creek,Nitrogen Dioxide,2025-12-11T22:00:00-07:00
22.0,Carrot Creek,Wind Direction,2025-12-11T22:00:00-07:00
71.6,Carrot Creek,Relative Humidity,2025-12-11T22:00:00-07:00
5.1,Carrot Creek,Wind Speed,2025-12-11T21:00:00-07:00
0.029,Carrot Creek,Ozone,2025-12-11T21:00:00-07:00
70.2,Carrot Creek,Relative Humidity,2025-12-11T21:00:00-07:00
0.0,Carrot Creek,Nitric Oxide,2025-12-11T21:00:00-07:00
-21.2,Carrot Creek,Outdoor Temperature,2025-12-11T21:00:00-07:00
0.001,Carrot Creek,Total Oxides of Nitrogen,2025-12-11T21:00:00-07:00
0.001,Carrot Creek,Nitrogen Dioxide,2025-12-11T21:00:00-07:00
330.0,Carrot Creek,Wind Direction,2025-12-11T21:00:00-07:00
0.0,Carrot Creek,Sulphur Dioxide,2025-12-11T21:00:00-07:00
0.0,Carrot Creek,Nitric Oxide,2025-12-11T20:00:00-07:00
326.0,Carrot Creek,Wind Direction,2025-12-11T20:00:00-07:00
7.4,Carrot Creek,Wind Speed,2025-12-11T20:00:00-07:00
0.001,Carrot Creek,Nitrogen Dioxide,2025-12-11T20:00:00-07:00
0.001,Carrot Creek,Total Oxides of Nitrogen,2025-12-11T20:00:00-07:00
-21.2,Carrot Creek,Outdoor Temperature,2025-12-11T20:00:00-07:00
0.001,Carrot Creek,Sulphur Dioxide,2025-12-11T20:00:00-07:00
0.03,Carrot Creek,Ozone,2025-12-11T20:00:00-07:00
68.9,Carrot Creek,Relative Humidity,2025-12-11T20:00:00-07:00
327.0,Carrot Creek,Wind Direction,2025-12-11T19:00:00-07:00
0.0,Carrot Creek,Nitric Oxide,2025-12-11T19:00:00-07:00
0.002,Carrot Creek,Nitrogen Dioxide,2025-12-11T19:00:00-07:00
-21.1,Carrot Creek,Outdoor Temperature,2025-12-11T19:00:00-07:00
0.001,Carrot Creek,Sulphur Dioxide,2025-12-11T19:00:00-07:00
0.001,Carrot Creek,Total Oxides of Nitrogen,2025-12-11T19:00:00-07:00
0.029,Carrot Creek,Ozone,2025-12-11T19:00:00-07:00
71.0,Carrot Creek,Relative Humidity,2025-12-11T19:00:00-07:00
6.9,Carrot Creek,Wind Speed,2025-12-11T19:00:00-07:00
0.0,Carrot Creek,Sulphur Dioxide,2025-12-11T18:00:00-07:00
322.0,Carrot Creek,Wind Direction,2025-12-11T18:00:00-07:00
0.002,Carrot Creek,Nitrogen Dioxide,2025-12-11T18:00:00-07:00
-21.1,Carrot Creek,Outdoor Temperature,2025-12-11T18:00:00-07:00
0.0,Carrot Creek,Nitric Oxide,2025-12-11T18:00:00-07:00
0.002,Carrot Creek,Total Oxides of Nitrogen,2025-12-11T18:00:00-07:00
0.028,Carrot Creek,Ozone,2025-12-11T18:00:00-07:00
70.8,Carrot Creek,Relative Humidity,2025-12-11T18:00:00-07:00
7.1,Carrot Creek,Wind Speed,2025-12-11T18:00:00-07:00
7.3,Carrot Creek,Wind Speed,2025-12-11T17:00:00-07:00
0.028,Carrot Creek,Ozone,2025-12-11T17:00:00-07:00
0.0,Carrot Creek,Nitric Oxide,2025-12-11T17:00:00-07:00
70.3,Carrot Creek,Relative Humidity,2025-12-11T17:00:00-07:00
0.002,Carrot Creek,Total Oxides of Nitrogen,2025-12-11T17:00:00-07:00
-21.6,Carrot Creek,Outdoor Temperature,2025-12-11T17:00:00-07:00
0.002,Carrot Creek,Nitrogen Dioxide,2025-12-11T17:00:00-07:00
305.0,Carrot Creek,Wind Direction,2025-12-11T17:00:00-07:00
0.0,Carrot Creek,Sulphur Dioxide,2025-12-11T17:00:00-07:00
0.002,Carrot Creek,Total Oxides of Nitrogen,2025-12-11T16:00:00-07:00
0.028,Carrot Creek,Ozone,2025-12-11T16:00:00-07:00
0.001,Carrot Creek,Sulphur Dioxide,2025-12-11T16:00:00-07:00
10.4,Carrot Creek,Wind Speed,2025-12-11T16:00:00-07:00
0.002,Carrot Creek,Nitrogen Dioxide,2025-12-11T16:00:00-07:00
0.0,Carrot Creek,Nitric Oxide,2025-12-11T16:00:00-07:00
308.0,Carrot Creek,Wind Direction,2025-12-11T16:00:00-07:00
68.8,Carrot Creek,Relative Humidity,2025-12-11T16:00:00-07:00
-21.6,Carrot Creek,Outdoor Temperature,2025-12-11T16:00:00-07:00
0.002,Carrot Creek,Total Oxides of Nitrogen,2025-12-11T15:00:00-07:00
11.3,Carrot Creek,Wind Speed,2025-12-11T15:00:00-07:00
0.0,Carrot Creek,Nitric Oxide,2025-12-11T15:00:00-07:00
0.002,Carrot Creek,Nitrogen Dioxide,2025-12-11T15:00:00-07:00
68.4,Carrot Creek,Relative Humidity,2025-12-11T15:00:00-07:00
291.0,Carrot Creek,Wind Direction,2025-12-11T15:00:00-07:00
0.028,Carrot Creek,Ozone,2025-12-11T15:00:00-07:00
-21.9,Carrot Creek,Outdoor Temperature,2025-12-11T15:00:00-07:00
0.001,Carrot Creek,Sulphur Dioxide,2025-12-11T15:00:00-07:00
0.002,Carrot Creek,Total Oxides of Nitrogen,2025-12-11T14:00:00-07:00
0.0,Carrot Creek,Nitric Oxide,2025-12-11T14:00:00-07:00
317.0,Carrot Creek,Wind Direction,2025-12-11T14:00:00-07:00
-22.0,Carrot Creek,Outdoor Temperature,2025-12-11T14:00:00-07:00
0.001,Carrot Creek,Sulphur Dioxide,2025-12-11T14:00:00-07:00
0.001,Carrot Creek,Nitrogen Dioxide,2025-12-11T14:00:00-07:00
0.027,Carrot Creek,Ozone,2025-12-11T14:00:00-07:00
69.8,Carrot Creek,Relative Humidity,2025-12-11T14:00:00-07:00
13.1,Carrot Creek,Wind Speed,2025-12-11T14:00:00-07:00
0.001,Carrot Creek,Sulphur Dioxide,2025-12-11T13:00:00-07:00
0.001,Carrot Creek,Nitric Oxide,2025-12-11T13:00:00-07:00
-21.9,Carrot Creek,Outdoor Temperature,2025-12-11T13:00:00-07:00
0.026,Carrot Creek,Ozone,2025-12-11T13:00:00-07:00
331.0,Carrot Creek,Wind Direction,2025-12-11T13:00:00-07:00
14.6,Carrot Creek,Wind Speed,2025-12-11T13:00:00-07:00
0.002,Carrot Creek,Nitrogen Dioxide,2025-12-11T13:00:00-07:00
70.5,Carrot Creek,Relative Humidity,2025-12-11T13:00:00-07:00
0.002,Carrot Creek,Total Oxides of Nitrogen,2025-12-11T13:00:00-07:00
0.001,Carrot Creek,Sulphur Dioxide,2025-12-11T12:00:00-07:00
325.0,Carrot Creek,Wind Direction,2025-12-11T12:00:00-07:00
-22.2,Carrot Creek,Outdoor Temperature,2025-12-11T12:00:00-07:00
0.024,Carrot Creek,Ozone,2025-12-11T12:00:00-07:00
0.0,Carrot Creek,Nitric Oxide,2025-12-11T12:00:00-07:00
0.002,Carrot Creek,Nitrogen Dioxide,2025-12-11T12:00:00-07:00
15.1,Carrot Creek,Wind Speed,2025-12-11T12:00:00-07:00
0.002,Carrot Creek,Total Oxides of Nitrogen,2025-12-11T12:00:00-07:00
72.3,Carrot Creek,Relative Humidity,2025-12-11T12:00:00-07:00
325.0,Carrot Creek,Wind Direction,2025-12-11T11:00:00-07:00
0.024,Carrot Creek,Ozone,2025-12-11T11:00:00-07:00
-22.6,Carrot Creek,Outdoor Temperature,2025-12-11T11:00:00-07:00
0.0,Carrot Creek,Nitric Oxide,2025-12-11T11:00:00-07:00
0.002,Carrot Creek,Nitrogen Dioxide,2025-12-11T11:00:00-07:00
74.9,Carrot Creek,Relative Humidity,2025-12-11T11:00:00-07:00
0.002,Carrot Creek,Total Oxides of Nitrogen,2025-12-11T11:00:00-07:00
0.002,Carrot Creek,Sulphur Dioxide,2025-12-11T11:00:00-07:00
13.8,Carrot Creek,Wind Speed,2025-12-11T11:00:00-07:00
0.002,Carrot Creek,Total Oxides of Nitrogen,2025-12-11T10:00:00-07:00
0.0,Carrot Creek,Nitric Oxide,2025-12-11T10:00:00-07:00
-22.8,Carrot Creek,Outdoor Temperature,2025-12-11T10:00:00-07:00
325.0,Carrot Creek,Wind Direction,2025-12-11T10:00:00-07:00
0.023,Carrot Creek,Ozone,2025-12-11T10:00:00-07:00
0.002,Carrot Creek,Nitrogen Dioxide,2025-12-11T10:00:00-07:00
0.002,Carrot Creek,Sulphur Dioxide,2025-12-11T10:00:00-07:00
73.9,Carrot Creek,Relative Humidity,2025-12-11T10:00:00-07:00
13.9,Carrot Creek,Wind Speed,2025-12-11T10:00:00-07:00
0.001,Carrot Creek,Total Oxides of Nitrogen,2025-12-11T09:00:00-07:00
324.0,Carrot Creek,Wind Direction,2025-12-11T09:00:00-07:00
0.024,Carrot Creek,Ozone,2025-12-11T09:00:00-07:00
73.3,Carrot Creek,Relative Humidity,2025-12-11T09:00:00-07:00
-23.0,Carrot Creek,Outdoor Temperature,2025-12-11T09:00:00-07:00
0.0,Carrot Creek,Sulphur Dioxide,2025-12-11T09:00:00-07:00
12.7,Carrot Creek,Wind Speed,2025-12-11T09:00:00-07:00
0.002,Carrot Creek,Nitrogen Dioxide,2025-12-11T09:00:00-07:00
0.0,Carrot Creek,Nitric Oxide,2025-12-11T09:00:00-07:00
-23.2,Carrot Creek,Outdoor Temperature,2025-12-11T08:00:00-07:00
0.0,Carrot Creek,Sulphur Dioxide,2025-12-11T08:00:00-07:00
74.1,Carrot Creek,Relative Humidity,2025-12-11T08:00:00-07:00
0.023,Carrot Creek,Ozone,2025-12-11T08:00:00-07:00
0.002,Carrot Creek,Nitrogen Dioxide,2025-12-11T08:00:00-07:00
0.001,Carrot Creek,Total Oxides of Nitrogen,2025-12-11T08:00:00-07:00
329.0,Carrot Creek,Wind Direction,2025-12-11T08:00:00-07:00
9.4,Carrot Creek,Wind Speed,2025-12-11T08:00:00-07:00
0.0,Carrot Creek,Nitric Oxide,2025-12-11T08:00:00-07:00
0.0,Carrot Creek,Sulphur Dioxide,2025-12-11T07:00:00-07:00
0.0,Carrot Creek,Nitric Oxide,2025-12-11T07:00:00-07:00
0.002,Carrot Creek,Total Oxides of Nitrogen,2025-12-11T07:00:00-07:00
0.023,Carrot Creek,Ozone,2025-12-11T07:00:00-07:00
0.002,Carrot Creek,Nitrogen Dioxide,2025-12-11T07:00:00-07:00
-22.9,Carrot Creek,Outdoor Temperature,2025-12-11T07:00:00-07:00
74.3,Carrot Creek,Relative Humidity,2025-12-11T07:00:00-07:00
11.3,Carrot Creek,Wind Speed,2025-12-11T07:00:00-07:00
335.0,Carrot Creek,Wind Direction,2025-12-11T07:00:00-07:00
-22.1,Carrot Creek,Outdoor Temperature,2025-12-11T06:00:00-07:00
75.7,Carrot Creek,Relative Humidity,2025-12-11T06:00:00-07:00
326.0,Carrot Creek,Wind Direction,2025-12-11T06:00:00-07:00
11.3,Carrot Creek,Wind Speed,2025-12-11T06:00:00-07:00
0.024,Carrot Creek,Ozone,2025-12-11T06:00:00-07:00
0.0,Carrot Creek,Sulphur Dioxide,2025-12-11T06:00:00-07:00
0.0,Carrot Creek,Nitric Oxide,2025-12-11T06:00:00-07:00
0.002,Carrot Creek,Total Oxides of Nitrogen,2025-12-11T06:00:00-07:00
0.002,Carrot Creek,Nitrogen Dioxide,2025-12-11T06:00:00-07:00
319.0,Carrot Creek,Wind Direction,2025-12-11T05:00:00-07:00
77.9,Carrot Creek,Relative Humidity,2025-12-11T05:00:00-07:00
0.001,Carrot Creek,Total Oxides of Nitrogen,2025-12-11T05:00:00-07:00
0.025,Carrot Creek,Ozone,2025-12-11T05:00:00-07:00
0.0,Carrot Creek,Sulphur Dioxide,2025-12-11T05:00:00-07:00
0.0,Carrot Creek,Nitric Oxide,2025-12-11T05:00:00-07:00
10.5,Carrot Creek,Wind Speed,2025-12-11T05:00:00-07:00
0.002,Carrot Creek,Nitrogen Dioxide,2025-12-11T05:00:00-07:00
-21.9,Carrot Creek,Outdoor Temperature,2025-12-11T05:00:00-07:00
336.0,Carrot Creek,Wind Direction,2025-12-11T04:00:00-07:00
-21.3,Carrot Creek,Outdoor Temperature,2025-12-11T04:00:00-07:00
11.0,Carrot Creek,Wind Speed,2025-12-11T04:00:00-07:00
76.7,Carrot Creek,Relative Humidity,2025-12-11T04:00:00-07:00
,Carrot Creek,Ozone,2025-12-11T04:00:00-07:00
,Carrot Creek,Nitric Oxide,2025-12-11T04:00:00-07:00
,Carrot Creek,Nitrogen Dioxide,2025-12-11T04:00:00-07:00
,Carrot Creek,Total Oxides of Nitrogen,2025-12-11T04:00:00-07:00
,Carrot Creek,Sulphur Dioxide,2025-12-11T04:00:00-07:00
-21.1,Carrot Creek,Outdoor Temperature,2025-12-11T03:00:00-07:00
0.002,Carrot Creek,Nitrogen Dioxide,2025-12-11T03:00:00-07:00
0.002,Carrot Creek,Total Oxides of Nitrogen,2025-12-11T03:00:00-07:00
9.9,Carrot Creek,Wind Speed,2025-12-11T03:00:00-07:00
0.0,Carrot Creek,Nitric Oxide,2025-12-11T03:00:00-07:00
0.025,Carrot Creek,Ozone,2025-12-11T03:00:00-07:00
353.0,Carrot Creek,Wind Direction,2025-12-11T03:00:00-07:00
77.5,Carrot Creek,Relative Humidity,2025-12-11T03:00:00-07:00
0.0,Carrot Creek,Sulphur Dioxide,2025-12-11T03:00:00-07:00
-21.0,Carrot Creek,Outdoor Temperature,2025-12-11T02:00:00-07:00
0.002,Carrot Creek,Nitrogen Dioxide,2025-12-11T02:00:00-07:00
0.0,Carrot Creek,Nitric Oxide,2025-12-11T02:00:00-07:00
0.025,Carrot Creek,Ozone,2025-12-11T02:00:00-07:00
14.0,Carrot Creek,Wind Direction,2025-12-11T02:00:00-07:00
79.4,Carrot Creek,Relative Humidity,2025-12-11T02:00:00-07:00
8.2,Carrot Creek,Wind Speed,2025-12-11T02:00:00-07:00
0.001,Carrot Creek,Total Oxides of Nitrogen,2025-12-11T02:00:00-07:00
0.0,Carrot Creek,Sulphur Dioxide,2025-12-11T02:00:00-07:00
0.002,Carrot Creek,Nitrogen Dioxide,2025-12-11T01:00:00-07:00
-20.7,Carrot Creek,Outdoor Temperature,2025-12-11T01:00:00-07:00
8.4,Carrot Creek,Wind Speed,2025-12-11T01:00:00-07:00
0.002,Carrot Creek,Total Oxides of Nitrogen,2025-12-11T01:00:00-07:00
0.0,Carrot Creek,Nitric Oxide,2025-12-11T01:00:00-07:00
0.023,Carrot Creek,Ozone,2025-12-11T01:00:00-07:00
22.0,Carrot Creek,Wind Direction,2025-12-11T01:00:00-07:00
80.5,Carrot Creek,Relative Humidity,2025-12-11T01:00:00-07:00
0.0,Carrot Creek,Sulphur Dioxide,2025-12-11T01:00:00-07:00
0.0,Carrot Creek,Nitric Oxide,2025-12-11T00:00:00-07:00
0.0,Carrot Creek,Sulphur Dioxide,2025-12-11T00:00:00-07:00
42.0,Carrot Creek,Wind Direction,2025-12-11T00:00:00-07:00
-20.1,Carrot Creek,Outdoor Temperature,2025-12-11T00:00:00-07:00
7.6,Carrot Creek,Wind Speed,2025-12-11T00:00:00-07:00
0.003,Carrot Creek,Total Oxides of Nitrogen,2025-12-11T00:00:00-07:00
0.003,Carrot Creek,Nitrogen Dioxide,2025-12-11T00:00:00-07:00
80.8,Carrot Creek,Relative Humidity,2025-12-11T00:00:00-07:00
0.021,Carrot Creek,Ozone,2025-12-11T00:00:00-07:00
0.0,Carrot Creek,Nitric Oxide,2025-12-10T23:00:00-07:00
9.6,Carrot Creek,Wind Speed,2025-12-10T23:00:00-07:00
81.8,Carrot Creek,Relative Humidity,2025-12-10T23:00:00-07:00
0.0,Carrot Creek,Sulphur Dioxide,2025-12-10T23:00:00-07:00
-19.8,Carrot Creek,Outdoor Temperature,2025-12-10T23:00:00-07:00
0.02,Carrot Creek,Ozone,2025-12-10T23:00:00-07:00
0.004,Carrot Creek,Nitrogen Dioxide,2025-12-10T23:00:00-07:00
0.003,Carrot Creek,Total Oxides of Nitrogen,2025-12-10T23:00:00-07:00
52.0,Carrot Creek,Wind Direction,2025-12-10T23:00:00-07:00
0.0,Carrot Creek,Nitric Oxide,2025-12-10T22:00:00-07:00
0.0,Carrot Creek,Sulphur Dioxide,2025-12-10T22:00:00-07:00
0.018,Carrot Creek,Ozone,2025-12-10T22:00:00-07:00
52.0,Carrot Creek,Wind Direction,2025-12-10T22:00:00-07:00
0.004,Carrot Creek,Total Oxides of Nitrogen,2025-12-10T22:00:00-07:00
0.004,Carrot Creek,Nitrogen Dioxide,2025-12-10T22:00:00-07:00
80.7,Carrot Creek,Relative Humidity,2025-12-10T22:00:00-07:00
-19.0,Carrot Creek,Outdoor Temperature,2025-12-10T22:00:00-07:00
5.7,Carrot Creek,Wind Speed,2025-12-10T22:00:00-07:00
0.005,Carrot Creek,Nitrogen Dioxide,2025-12-10T21:00:00-07:00
0.005,Carrot Creek,Total Oxides of Nitrogen,2025-12-10T21:00:00-07:00
80.2,Carrot Creek,Relative Humidity,2025-12-10T21:00:00-07:00
0.017,Carrot Creek,Ozone,2025-12-10T21:00:00-07:00
48.0,Carrot Creek,Wind Direction,2025-12-10T21:00:00-07:00
0.0,Carrot Creek,Sulphur Dioxide,2025-12-10T21:00:00-07:00
-18.9,Carrot Creek,Outdoor Temperature,2025-12-10T21:00:00-07:00
0.0,Carrot Creek,Nitric Oxide,2025-12-10T21:00:00-07:00
2.9,Carrot Creek,Wind Speed,2025-12-10T21:00:00-07:00
0.005,Carrot Creek,Nitrogen Dioxide,2025-12-10T20:00:00-07:00
0.005,Carrot Creek,Total Oxides of Nitrogen,2025-12-10T20:00:00-07:00
80.0,Carrot Creek,Relative Humidity,2025-12-10T20:00:00-07:00
0.018,Carrot Creek,Ozone,2025-12-10T20:00:00-07:00
98.0,Carrot Creek,Wind Direction,2025-12-10T20:00:00-07:00
0.0,Carrot Creek,Sulphur Dioxide,2025-12-10T20:00:00-07:00
-19.1,Carrot Creek,Outdoor Temperature,2025-12-10T20:00:00-07:00
3.3,Carrot Creek,Wind Speed,2025-12-10T20:00:00-07:00
0.0,Carrot Creek,Nitric Oxide,2025-12-10T20:00:00-07:00
0.005,Carrot Creek,Nitrogen Dioxide,2025-12-10T19:00:00-07:00
0.001,Carrot Creek,Sulphur Dioxide,2025-12-10T19:00:00-07:00
60.0,Carrot Creek,Wind Direction,2025-12-10T19:00:00-07:00
0.004,Carrot Creek,Total Oxides of Nitrogen,2025-12-10T19:00:00-07:00
0.019,Carrot Creek,Ozone,2025-12-10T19:00:00-07:00
0.0,Carrot Creek,Nitric Oxide,2025-12-10T19:00:00-07:00
-19.0,Carrot Creek,Outdoor Temperature,2025-12-10T19:00:00-07:00
79.8,Carrot Creek,Relative Humidity,2025-12-10T19:00:00-07:00
7.4,Carrot Creek,Wind Speed,2025-12-10T19:00:00-07:00
0.001,Carrot Creek,Sulphur Dioxide,2025-12-10T18:00:00-07:00
0.005,Carrot Creek,Total Oxides of Nitrogen,2025-12-10T18:00:00-07:00
0.005,Carrot Creek,Nitrogen Dioxide,2025-12-10T18:00:00-07:00
54.0,Carrot Creek,Wind Direction,2025-12-10T18:00:00-07:00
0.018,Carrot Creek,Ozone,2025-12-10T18:00:00-07:00
0.0,Carrot Creek,Nitric Oxide,2025-12-10T18:00:00-07:00
-18.5,Carrot Creek,Outdoor Temperature,2025-12-10T18:00:00-07:00
78.5,Carrot Creek,Relative Humidity,2025-12-10T18:00:00-07:00
8.1,Carrot Creek,Wind Speed,2025-12-10T18:00:00-07:00
0.004,Carrot Creek,Nitrogen Dioxide,2025-12-10T17:00:00-07:00
0.0,Carrot Creek,Sulphur Dioxide,2025-12-10T17:00:00-07:00
54.0,Carrot Creek,Wind Direction,2025-12-10T17:00:00-07:00
0.004,Carrot Creek,Total Oxides of Nitrogen,2025-12-10T17:00:00-07:00
0.0,Carrot Creek,Nitric Oxide,2025-12-10T17:00:00-07:00
0.018,Carrot Creek,Ozone,2025-12-10T17:00:00-07:00
-17.9,Carrot Creek,Outdoor Temperature,2025-12-10T17:00:00-07:00
78.2,Carrot Creek,Relative Humidity,2025-12-10T17:00:00-07:00
9.7,Carrot Creek,Wind Speed,2025-12-10T17:00:00-07:00
0.005,Carrot Creek,Total Oxides of Nitrogen,2025-12-10T16:00:00-07:00
0.004,Carrot Creek,Nitrogen Dioxide,2025-12-10T16:00:00-07:00
0.018,Carrot Creek,Ozone,2025-12-10T16:00:00-07:00
77.8,Carrot Creek,Relative Humidity,2025-12-10T16:00:00-07:00
11.0,Carrot Creek,Wind Speed,2025-12-10T16:00:00-07:00
-16.5,Carrot Creek,Outdoor Temperature,2025-12-10T16:00:00-07:00
47.0,Carrot Creek,Wind Direction,2025-12-10T16:00:00-07:00
0.0,Carrot Creek,Sulphur Dioxide,2025-12-10T16:00:00-07:00
0.001,Carrot Creek,Nitric Oxide,2025-12-10T16:00:00-07:00
9.3,Carrot Creek,Wind Speed,2025-12-10T15:00:00-07:00
0.006,Carrot Creek,Total Oxides of Nitrogen,2025-12-10T15:00:00-07:00
-14.5,Carrot Creek,Outdoor Temperature,2025-12-10T15:00:00-07:00
77.4,Carrot Creek,Relative Humidity,2025-12-10T15:00:00-07:00
0.018,Carrot Creek,Ozone,2025-12-10T15:00:00-07:00
0.002,Carrot Creek,Nitric Oxide,2025-12-10T15:00:00-07:00
38.0,Carrot Creek,Wind Direction,2025-12-10T15:00:00-07:00
0.0,Carrot Creek,Sulphur Dioxide,2025-12-10T15:00:00-07:00
0.004,Carrot Creek,Nitrogen Dioxide,2025-12-10T15:00:00-07:00
-14.3,Carrot Creek,Outdoor Temperature,2025-12-10T14:00:00-07:00
7.0,Carrot Creek,Wind Speed,2025-12-10T14:00:00-07:00
0.007,Carrot Creek,Total Oxides of Nitrogen,2025-12-10T14:00:00-07:00
80.8,Carrot Creek,Relative Humidity,2025-12-10T14:00:00-07:00
0.017,Carrot Creek,Ozone,2025-12-10T14:00:00-07:00
7.0,Carrot Creek,Wind Direction,2025-12-10T14:00:00-07:00
0.003,Carrot Creek,Nitric Oxide,2025-12-10T14:00:00-07:00
0.0,Carrot Creek,Sulphur Dioxide,2025-12-10T14:00:00-07:00
0.004,Carrot Creek,Nitrogen Dioxide,2025-12-10T14:00:00-07:00
-14.9,Carrot Creek,Outdoor Temperature,2025-12-10T13:00:00-07:00
3.5,Carrot Creek,Wind Speed,2025-12-10T13:00:00-07:00
0.009,Carrot Creek,Total Oxides of Nitrogen,2025-12-10T13:00:00-07:00
82.4,Carrot Creek,Relative Humidity,2025-12-10T13:00:00-07:00
0.016,Carrot Creek,Ozone,2025-12-10T13:00:00-07:00
1.0,Carrot Creek,Wind Direction,2025-12-10T13:00:00-07:00
0.005,Carrot Creek,Nitric Oxide,2025-12-10T13:00:00-07:00
0.0,Carrot Creek,Sulphur Dioxide,2025-12-10T13:00:00-07:00
0.004,Carrot Creek,Nitrogen Dioxide,2025-12-10T13:00:00-07:00
-15.9,Carrot Creek,Outdoor Temperature,2025-12-10T12:00:00-07:00
2.6,Carrot Creek,Wind Speed,2025-12-10T12:00:00-07:00
83.3,Carrot Creek,Relative Humidity,2025-12-10T12:00:00-07:00
52.0,Carrot Creek,Wind Direction,2025-12-10T12:00:00-07:00
0.0,Carrot Creek,Sulphur Dioxide,2025-12-10T12:00:00-07:00
0.011,Carrot Creek,Total Oxides of Nitrogen,2025-12-10T12:00:00-07:00
0.005,Carrot Creek,Nitric Oxide,2025-12-10T12:00:00-07:00
0.006,Carrot Creek,Nitrogen Dioxide,2025-12-10T12:00:00-07:00
0.016,Carrot Creek,Ozone,2025-12-10T12:00:00-07:00
0.004,Carrot Creek,Nitric Oxide,2025-12-10T11:00:00-07:00
0.011,Carrot Creek,Total Oxides of Nitrogen,2025-12-10T11:00:00-07:00
-17.0,Carrot Creek,Outdoor Temperature,2025-12-10T11:00:00-07:00
0.0,Carrot Creek,Sulphur Dioxide,2025-12-10T11:00:00-07:00
1.9,Carrot Creek,Wind Speed,2025-12-10T11:00:00-07:00
83.4,Carrot Creek,Relative Humidity,2025-12-10T11:00:00-07:00
86.0,Carrot Creek,Wind Direction,2025-12-10T11:00:00-07:00
0.014,Carrot Creek,Ozone,2025-12-10T11:00:00-07:00
0.007,Carrot Creek,Nitrogen Dioxide,2025-12-10T11:00:00-07:00
0.001,Carrot Creek,Nitric Oxide,2025-12-10T10:00:00-07:00
0.009,Carrot Creek,Total Oxides of Nitrogen,2025-12-10T10:00:00-07:00
-17.4,Carrot Creek,Outdoor Temperature,2025-12-10T10:00:00-07:00
0.0,Carrot Creek,Sulphur Dioxide,2025-12-10T10:00:00-07:00
3.6,Carrot Creek,Wind Speed,2025-12-10T10:00:00-07:00
88.0,Carrot Creek,Wind Direction,2025-12-10T10:00:00-07:00
83.6,Carrot Creek,Relative Humidity,2025-12-10T10:00:00-07:00
0.008,Carrot Creek,Nitrogen Dioxide,2025-12-10T10:00:00-07:00
0.014,Carrot Creek,Ozone,2025-12-10T10:00:00-07:00
-17.4,Carrot Creek,Outdoor Temperature,2025-12-10T09:00:00-07:00
0.008,Carrot Creek,Total Oxides of Nitrogen,2025-12-10T09:00:00-07:00
0.013,Carrot Creek,Ozone,2025-12-10T09:00:00-07:00
4.0,Carrot Creek,Wind Speed,2025-12-10T09:00:00-07:00
60.0,Carrot Creek,Wind Direction,2025-12-10T09:00:00-07:00
0.008,Carrot Creek,Nitrogen Dioxide,2025-12-10T09:00:00-07:00
83.8,Carrot Creek,Relative Humidity,2025-12-10T09:00:00-07:00
0.0,Carrot Creek,Nitric Oxide,2025-12-10T09:00:00-07:00
0.0,Carrot Creek,Sulphur Dioxide,2025-12-10T09:00:00-07:00
0.009,Carrot Creek,Total Oxides of Nitrogen,2025-12-10T08:00:00-07:00
5.9,Carrot Creek,Wind Speed,2025-12-10T08:00:00-07:00
0.0,Carrot Creek,Nitric Oxide,2025-12-10T08:00:00-07:00
84.1,Carrot Creek,Relative Humidity,2025-12-10T08:00:00-07:00
0.009,Carrot Creek,Nitrogen Dioxide,2025-12-10T08:00:00-07:00
0.012,Carrot Creek,Ozone,2025-12-10T08:00:00-07:00
76.0,Carrot Creek,Wind Direction,2025-12-10T08:00:00-07:00
-17.4,Carrot Creek,Outdoor Temperature,2025-12-10T08:00:00-07:00
0.0,Carrot Creek,Sulphur Dioxide,2025-12-10T08:00:00-07:00
0.007,Carrot Creek,Total Oxides of Nitrogen,2025-12-10T07:00:00-07:00
0.0,Carrot Creek,Nitric Oxide,2025-12-10T07:00:00-07:00
6.4,Carrot Creek,Wind Speed,2025-12-10T07:00:00-07:00
84.0,Carrot Creek,Relative Humidity,2025-12-10T07:00:00-07:00
0.007,Carrot Creek,Nitrogen Dioxide,2025-12-10T07:00:00-07:00
0.013,Carrot Creek,Ozone,2025-12-10T07:00:00-07:00
42.0,Carrot Creek,Wind Direction,2025-12-10T07:00:00-07:00
-17.4,Carrot Creek,Outdoor Temperature,2025-12-10T07:00:00-07:00
0.0,Carrot Creek,Sulphur Dioxide,2025-12-10T07:00:00-07:00
0.007,Carrot Creek,Total Oxides of Nitrogen,2025-12-10T06:00:00-07:00
8.3,Carrot Creek,Wind Speed,2025-12-10T06:00:00-07:00
85.3,Carrot Creek,Relative Humidity,2025-12-10T06:00:00-07:00
0.007,Carrot Creek,Nitrogen Dioxide,2025-12-10T06:00:00-07:00
0.013,Carrot Creek,Ozone,2025-12-10T06:00:00-07:00
61.0,Carrot Creek,Wind Direction,2025-12-10T06:00:00-07:00
0.0,Carrot Creek,Nitric Oxide,2025-12-10T06:00:00-07:00
-16.5,Carrot Creek,Outdoor Temperature,2025-12-10T06:00:00-07:00
0.0,Carrot Creek,Sulphur Dioxide,2025-12-10T06:00:00-07:00
74.0,Carrot Creek,Wind Direction,2025-12-10T05:00:00-07:00
0.0,Carrot Creek,Nitric Oxide,2025-12-10T05:00:00-07:00
0.0,Carrot Creek,Sulphur Dioxide,2025-12-10T05:00:00-07:00
0.005,Carrot Creek,Nitrogen Dioxide,2025-12-10T05:00:00-07:00
0.005,Carrot Creek,Total Oxides of Nitrogen,2025-12-10T05:00:00-07:00
-16.4,Carrot Creek,Outdoor Temperature,2025-12-10T05:00:00-07:00
85.3,Carrot Creek,Relative Humidity,2025-12-10T05:00:00-07:00
8.9,Carrot Creek,Wind Speed,2025-12-10T05:00:00-07:00
0.015,Carrot Creek,Ozone,2025-12-10T05:00:00-07:00
,Carrot Creek,Nitric Oxide,2025-12-10T04:00:00-07:00
,Carrot Creek,Total Oxides of Nitrogen,2025-12-10T04:00:00-07:00
,Carrot Creek,Sulphur Dioxide,2025-12-10T04:00:00-07:00
,Carrot Creek,Ozone,2025-12-10T04:00:00-07:00
,Carrot Creek,Nitrogen Dioxide,2025-12-10T04:00:00-07:00
85.8,Carrot Creek,Relative Humidity,2025-12-10T04:00:00-07:00
10.0,Carrot Creek,Wind Speed,2025-12-10T04:00:00-07:00
-16.3,Carrot Creek,Outdoor Temperature,2025-12-10T04:00:00-07:00
70.0,Carrot Creek,Wind Direction,2025-12-10T04:00:00-07:00
0.0,Carrot Creek,Sulphur Dioxide,2025-12-10T03:00:00-07:00
0.004,Carrot Creek,Nitrogen Dioxide,2025-12-10T03:00:00-07:00
0.016,Carrot Creek,Ozone,2025-12-10T03:00:00-07:00
-16.0,Carrot Creek,Outdoor Temperature,2025-12-10T03:00:00-07:00
0.003,Carrot Creek,Total Oxides of Nitrogen,2025-12-10T03:00:00-07:00
9.5,Carrot Creek,Wind Speed,2025-12-10T03:00:00-07:00
86.0,Carrot Creek,Relative Humidity,2025-12-10T03:00:00-07:00
0.0,Carrot Creek,Nitric Oxide,2025-12-10T03:00:00-07:00
66.0,Carrot Creek,Wind Direction,2025-12-10T03:00:00-07:00
-16.1,Carrot Creek,Outdoor Temperature,2025-12-10T02:00:00-07:00
0.005,Carrot Creek,Total Oxides of Nitrogen,2025-12-10T02:00:00-07:00
9.8,Carrot Creek,Wind Speed,2025-12-10T02:00:00-07:00
0.015,Carrot Creek,Ozone,2025-12-10T02:00:00-07:00
86.0,Carrot Creek,Relative Humidity,2025-12-10T02:00:00-07:00
0.005,Carrot Creek,Nitrogen Dioxide,2025-12-10T02:00:00-07:00
82.0,Carrot Creek,Wind Direction,2025-12-10T02:00:00-07:00
0.0,Carrot Creek,Sulphur Dioxide,2025-12-10T02:00:00-07:00
0.0,Carrot Creek,Nitric Oxide,2025-12-10T02:00:00-07:00
0.0,Carrot Creek,Nitric Oxide,2025-12-10T01:00:00-07:00
0.006,Carrot Creek,Total Oxides of Nitrogen,2025-12-10T01:00:00-07:00
83.0,Carrot Creek,Wind Direction,2025-12-10T01:00:00-07:00
8.4,Carrot Creek,Wind Speed,2025-12-10T01:00:00-07:00
85.9,Carrot Creek,Relative Humidity,2025-12-10T01:00:00-07:00
-16.1,Carrot Creek,Outdoor Temperature,2025-12-10T01:00:00-07:00
0.013,Carrot Creek,Ozone,2025-12-10T01:00:00-07:00
0.0,Carrot Creek,Sulphur Dioxide,2025-12-10T01:00:00-07:00
0.006,Carrot Creek,Nitrogen Dioxide,2025-12-10T01:00:00-07:00
0.0,Carrot Creek,Nitric Oxide,2025-12-10T00:00:00-07:00
7.4,Carrot Creek,Wind Speed,2025-12-10T00:00:00-07:00
85.9,Carrot Creek,Relative Humidity,2025-12-10T00:00:00-07:00
0.006,Carrot Creek,Total Oxides of Nitrogen,2025-12-10T00:00:00-07:00
-16.1,Carrot Creek,Outdoor Temperature,2025-12-10T00:00:00-07:00
0.006,Carrot Creek,Nitrogen Dioxide,2025-12-10T00:00:00-07:00
0.0,Carrot Creek,Sulphur Dioxide,2025-12-10T00:00:00-07:00
0.014,Carrot Creek,Ozone,2025-12-10T00:00:00-07:00
78.0,Carrot Creek,Wind Direction,2025-12-10T00:00:00-07:00
0.0,Carrot Creek,Nitric Oxide,2025-12-09T23:00:00-07:00
65.0,Carrot Creek,Wind Direction,2025-12-09T23:00:00-07:00
-16.2,Carrot Creek,Outdoor Temperature,2025-12-09T23:00:00-07:00
5.4,Carrot Creek,Wind Speed,2025-12-09T23:00:00-07:00
0.006,Carrot Creek,Nitrogen Dioxide,2025-12-09T23:00:00-07:00
85.6,Carrot Creek,Relative Humidity,2025-12-09T23:00:00-07:00
0.0,Carrot Creek,Sulphur Dioxide,2025-12-09T23:00:00-07:00
0.006,Carrot Creek,Total Oxides of Nitrogen,2025-12-09T23:00:00-07:00
0.013,Carrot Creek,Ozone,2025-12-09T23:00:00-07:00
-15.9,Carrot Creek,Outdoor Temperature,2025-12-09T22:00:00-07:00
85.4,Carrot Creek,Relative Humidity,2025-12-09T22:00:00-07:00
0.0,Carrot Creek,Sulphur Dioxide,2025-12-09T22:00:00-07:00
4.7,Carrot Creek,Wind Speed,2025-12-09T22:00:00-07:00
0.012,Carrot Creek,Ozone,2025-12-09T22:00:00-07:00
0.008,Carrot Creek,Nitrogen Dioxide,2025-12-09T22:00:00-07:00
0.0,Carrot Creek,Nitric Oxide,2025-12-09T22:00:00-07:00
0.008,Carrot Creek,Total Oxides of Nitrogen,2025-12-09T22:00:00-07:00
74.0,Carrot Creek,Wind Direction,2025-12-09T22:00:00-07:00
87.0,Carrot Creek,Relative Humidity,2025-12-09T21:00:00-07:00
0.0,Carrot Creek,Sulphur Dioxide,2025-12-09T21:00:00-07:00
-15.4,Carrot Creek,Outdoor Temperature,2025-12-09T21:00:00-07:00
3.0,Carrot Creek,Wind Speed,2025-12-09T21:00:00-07:00
0.016,Carrot Creek,Ozone,2025-12-09T21:00:00-07:00
0.007,Carrot Creek,Nitrogen Dioxide,2025-12-09T21:00:00-07:00
0.007,Carrot Creek,Total Oxides of Nitrogen,2025-12-09T21:00:00-07:00
0.0,Carrot Creek,Nitric Oxide,2025-12-09T21:00:00-07:00
109.0,Carrot Creek,Wind Direction,2025-12-09T21:00:00-07:00
85.6,Carrot Creek,Relative Humidity,2025-12-09T20:00:00-07:00
-15.6,Carrot Creek,Outdoor Temperature,2025-12-09T20:00:00-07:00
0.0,Carrot Creek,Sulphur Dioxide,2025-12-09T20:00:00-07:00
1.9,Carrot Creek,Wind Speed,2025-12-09T20:00:00-07:00
0.008,Carrot Creek,Total Oxides of Nitrogen,2025-12-09T20:00:00-07:00
0.015,Carrot Creek,Ozone,2025-12-09T20:00:00-07:00
0.008,Carrot Creek,Nitrogen Dioxide,2025-12-09T20:00:00-07:00
0.0,Carrot Creek,Nitric Oxide,2025-12-09T20:00:00-07:00
126.0,Carrot Creek,Wind Direction,2025-12-09T20:00:00-07:00
0.008,Carrot Creek,Total Oxides of Nitrogen,2025-12-09T19:00:00-07:00
1.0,Carrot Creek,Wind Speed,2025-12-09T19:00:00-07:00
106.0,Carrot Creek,Wind Direction,2025-12-09T19:00:00-07:00
0.015,Carrot Creek,Ozone,2025-12-09T19:00:00-07:00
85.2,Carrot Creek,Relative Humidity,2025-12-09T19:00:00-07:00
0.008,Carrot Creek,Nitrogen Dioxide,2025-12-09T19:00:00-07:00
0.0,Carrot Creek,Nitric Oxide,2025-12-09T19:00:00-07:00
-15.9,Carrot Creek,Outdoor Temperature,2025-12-09T19:00:00-07:00
0.0,Carrot Creek,Sulphur Dioxide,2025-12-09T19:00:00-07:00
85.8,Carrot Creek,Relative Humidity,2025-12-09T18:00:00-07:00
0.018,Carrot Creek,Ozone,2025-12-09T18:00:00-07:00
0.0,Carrot Creek,Nitric Oxide,2025-12-09T18:00:00-07:00
2.8,Carrot Creek,Wind Speed,2025-12-09T18:00:00-07:00
0.007,Carrot Creek,Total Oxides of Nitrogen,2025-12-09T18:00:00-07:00
255.0,Carrot Creek,Wind Direction,2025-12-09T18:00:00-07:00
0.007,Carrot Creek,Nitrogen Dioxide,2025-12-09T18:00:00-07:00
-15.6,Carrot Creek,Outdoor Temperature,2025-12-09T18:00:00-07:00
0.0,Carrot Creek,Sulphur Dioxide,2025-12-09T18:00:00-07:00
82.0,Carrot Creek,Relative Humidity,2025-12-09T17:00:00-07:00
0.016,Carrot Creek,Ozone,2025-12-09T17:00:00-07:00
0.01,Carrot Creek,Nitrogen Dioxide,2025-12-09T17:00:00-07:00
-15.7,Carrot Creek,Outdoor Temperature,2025-12-09T17:00:00-07:00
0.0,Carrot Creek,Nitric Oxide,2025-12-09T17:00:00-07:00
1.7,Carrot Creek,Wind Speed,2025-12-09T17:00:00-07:00
0.0,Carrot Creek,Sulphur Dioxide,2025-12-09T17:00:00-07:00
208.0,Carrot Creek,Wind Direction,2025-12-09T17:00:00-07:00
0.01,Carrot Creek,Total Oxides of Nitrogen,2025-12-09T17:00:00-07:00
5.5,Carrot Creek,Wind Speed,2025-12-09T16:00:00-07:00
0.0,Carrot Creek,Sulphur Dioxide,2025-12-09T16:00:00-07:00
194.0,Carrot Creek,Wind Direction,2025-12-09T16:00:00-07:00
0.001,Carrot Creek,Nitric Oxide,2025-12-09T16:00:00-07:00
-16.1,Carrot Creek,Outdoor Temperature,2025-12-09T16:00:00-07:00
0.005,Carrot Creek,Nitrogen Dioxide,2025-12-09T16:00:00-07:00
0.006,Carrot Creek,Total Oxides of Nitrogen,2025-12-09T16:00:00-07:00
80.2,Carrot Creek,Relative Humidity,2025-12-09T16:00:00-07:00
0.017,Carrot Creek,Ozone,2025-12-09T16:00:00-07:00
,Carrot Creek,Ozone,2025-12-09T15:00:00-07:00
,Carrot Creek,Sulphur Dioxide,2025-12-09T15:00:00-07:00
,Carrot Creek,Nitric Oxide,2025-12-09T15:00:00-07:00
83.0,Carrot Creek,Wind Direction,2025-12-09T15:00:00-07:00
-16.2,Carrot Creek,Outdoor Temperature,2025-12-09T15:00:00-07:00
,Carrot Creek,Nitrogen Dioxide,2025-12-09T15:00:00-07:00
79.3,Carrot Creek,Relative Humidity,2025-12-09T15:00:00-07:00
2.2,Carrot Creek,Wind Speed,2025-12-09T15:00:00-07:00
,Carrot Creek,Total Oxides of Nitrogen,2025-12-09T15:00:00-07:00
79.6,Carrot Creek,Relative Humidity,2025-12-09T14:00:00-07:00
,Carrot Creek,Nitric Oxide,2025-12-09T14:00:00-07:00
-16.5,Carrot Creek,Outdoor Temperature,2025-12-09T14:00:00-07:00
,Carrot Creek,Nitrogen Dioxide,2025-12-09T14:00:00-07:00
,Carrot Creek,Total Oxides of Nitrogen,2025-12-09T14:00:00-07:00
,Carrot Creek,Sulphur Dioxide,2025-12-09T14:00:00-07:00
2.9,Carrot Creek,Wind Speed,2025-12-09T14:00:00-07:00
221.0,Carrot Creek,Wind Direction,2025-12-09T14:00:00-07:00
,Carrot Creek,Ozone,2025-12-09T14:00:00-07:00
,Carrot Creek,Sulphur Dioxide,2025-12-09T13:00:00-07:00
,Carrot Creek,Nitric Oxide,2025-12-09T13:00:00-07:00
,Carrot Creek,Nitrogen Dioxide,2025-12-09T13:00:00-07:00
,Carrot Creek,Total Oxides of Nitrogen,2025-12-09T13:00:00-07:00
-17.1,Carrot Creek,Outdoor Temperature,2025-12-09T13:00:00-07:00
2.3,Carrot Creek,Wind Speed,2025-12-09T13:00:00-07:00
,Carrot Creek,Ozone,2025-12-09T13:00:00-07:00
226.0,Carrot Creek,Wind Direction,2025-12-09T13:00:00-07:00
78.6,Carrot Creek,Relative Humidity,2025-12-09T13:00:00-07:00
,Carrot Creek,Nitrogen Dioxide,2025-12-09T12:00:00-07:00
,Carrot Creek,Sulphur Dioxide,2025-12-09T12:00:00-07:00
,Carrot Creek,Total Oxides of Nitrogen,2025-12-09T12:00:00-07:00
3.3,Carrot Creek,Wind Speed,2025-12-09T12:00:00-07:00
203.0,Carrot Creek,Wind Direction,2025-12-09T12:00:00-07:00
-17.8,Carrot Creek,Outdoor Temperature,2025-12-09T12:00:00-07:00
,Carrot Creek,Nitric Oxide,2025-12-09T12:00:00-07:00
,Carrot Creek,Ozone,2025-12-09T12:00:00-07:00
80.3,Carrot Creek,Relative Humidity,2025-12-09T12:00:00-07:00
,Carrot Creek,Nitrogen Dioxide,2025-12-09T11:00:00-07:00
,Carrot Creek,Total Oxides of Nitrogen,2025-12-09T11:00:00-07:00
52.0,Carrot Creek,Wind Direction,2025-12-09T11:00:00-07:00
-18.5,Carrot Creek,Outdoor Temperature,2025-12-09T11:00:00-07:00
80.9,Carrot Creek,Relative Humidity,2025-12-09T11:00:00-07:00
,Carrot Creek,Ozone,2025-12-09T11:00:00-07:00
,Carrot Creek,Nitric Oxide,2025-12-09T11:00:00-07:00
,Carrot Creek,Sulphur Dioxide,2025-12-09T11:00:00-07:00
2.8,Carrot Creek,Wind Speed,2025-12-09T11:00:00-07:00
80.3,Carrot Creek,Relative Humidity,2025-12-09T10:00:00-07:00
0.017,Carrot Creek,Ozone,2025-12-09T10:00:00-07:00
0.0,Carrot Creek,Nitric Oxide,2025-12-09T10:00:00-07:00
61.0,Carrot Creek,Wind Direction,2025-12-09T10:00:00-07:00
0.0,Carrot Creek,Sulphur Dioxide,2025-12-09T10:00:00-07:00
0.003,Carrot Creek,Nitrogen Dioxide,2025-12-09T10:00:00-07:00
0.003,Carrot Creek,Total Oxides of Nitrogen,2025-12-09T10:00:00-07:00
2.2,Carrot Creek,Wind Speed,2025-12-09T10:00:00-07:00
-19.3,Carrot Creek,Outdoor Temperature,2025-12-09T10:00:00-07:00
79.5,Carrot Creek,Relative Humidity,2025-12-09T09:00:00-07:00
0.017,Carrot Creek,Ozone,2025-12-09T09:00:00-07:00
0.003,Carrot Creek,Total Oxides of Nitrogen,2025-12-09T09:00:00-07:00
84.0,Carrot Creek,Wind Direction,2025-12-09T09:00:00-07:00
0.0,Carrot Creek,Nitric Oxide,2025-12-09T09:00:00-07:00
0.0,Carrot Creek,Sulphur Dioxide,2025-12-09T09:00:00-07:00
0.003,Carrot Creek,Nitrogen Dioxide,2025-12-09T09:00:00-07:00
2.1,Carrot Creek,Wind Speed,2025-12-09T09:00:00-07:00
-19.6,Carrot Creek,Outdoor Temperature,2025-12-09T09:00:00-07:00
0.017,Carrot Creek,Ozone,2025-12-09T08:00:00-07:00
0.003,Carrot Creek,Total Oxides of Nitrogen,2025-12-09T08:00:00-07:00
64.0,Carrot Creek,Wind Direction,2025-12-09T08:00:00-07:00
6.2,Carrot Creek,Wind Speed,2025-12-09T08:00:00-07:00
-19.5,Carrot Creek,Outdoor Temperature,2025-12-09T08:00:00-07:00
0.0,Carrot Creek,Sulphur Dioxide,2025-12-09T08:00:00-07:00
0.0,Carrot Creek,Nitric Oxide,2025-12-09T08:00:00-07:00
0.003,Carrot Creek,Nitrogen Dioxide,2025-12-09T08:00:00-07:00
79.0,Carrot Creek,Relative Humidity,2025-12-09T08:00:00-07:00
-18.8,Carrot Creek,Outdoor Temperature,2025-12-09T07:00:00-07:00
6.0,Carrot Creek,Wind Speed,2025-12-09T07:00:00-07:00
0.0,Carrot Creek,Sulphur Dioxide,2025-12-09T07:00:00-07:00
81.3,Carrot Creek,Relative Humidity,2025-12-09T07:00:00-07:00
56.0,Carrot Creek,Wind Direction,2025-12-09T07:00:00-07:00
0.0,Carrot Creek,Nitric Oxide,2025-12-09T07:00:00-07:00
0.003,Carrot Creek,Total Oxides of Nitrogen,2025-12-09T07:00:00-07:00
0.017,Carrot Creek,Ozone,2025-12-09T07:00:00-07:00
0.003,Carrot Creek,Nitrogen Dioxide,2025-12-09T07:00:00-07:00
0.0,Carrot Creek,Sulphur Dioxide,2025-12-09T06:00:00-07:00
0.017,Carrot Creek,Ozone,2025-12-09T06:00:00-07:00
81.6,Carrot Creek,Relative Humidity,2025-12-09T06:00:00-07:00
4.3,Carrot Creek,Wind Speed,2025-12-09T06:00:00-07:00
-17.6,Carrot Creek,Outdoor Temperature,2025-12-09T06:00:00-07:00
65.0,Carrot Creek,Wind Direction,2025-12-09T06:00:00-07:00
0.003,Carrot Creek,Total Oxides of Nitrogen,2025-12-09T06:00:00-07:00
0.003,Carrot Creek,Nitrogen Dioxide,2025-12-09T06:00:00-07:00
0.0,Carrot Creek,Nitric Oxide,2025-12-09T06:00:00-07:00
82.6,Carrot Creek,Relative Humidity,2025-12-09T05:00:00-07:00
0.017,Carrot Creek,Ozone,2025-12-09T05:00:00-07:00
-16.8,Carrot Creek,Outdoor Temperature,2025-12-09T05:00:00-07:00
0.003,Carrot Creek,Total Oxides of Nitrogen,2025-12-09T05:00:00-07:00
0.0,Carrot Creek,Nitric Oxide,2025-12-09T05:00:00-07:00
0.003,Carrot Creek,Nitrogen Dioxide,2025-12-09T05:00:00-07:00
0.0,Carrot Creek,Sulphur Dioxide,2025-12-09T05:00:00-07:00
59.0,Carrot Creek,Wind Direction,2025-12-09T05:00:00-07:00
6.8,Carrot Creek,Wind Speed,2025-12-09T05:00:00-07:00
,Carrot Creek,Nitrogen Dioxide,2025-12-09T04:00:00-07:00
-16.0,Carrot Creek,Outdoor Temperature,2025-12-09T04:00:00-07:00
,Carrot Creek,Nitric Oxide,2025-12-09T04:00:00-07:00
,Carrot Creek,Sulphur Dioxide,2025-12-09T04:00:00-07:00
,Carrot Creek,Total Oxides of Nitrogen,2025-12-09T04:00:00-07:00
7.7,Carrot Creek,Wind Speed,2025-12-09T04:00:00-07:00
84.1,Carrot Creek,Relative Humidity,2025-12-09T04:00:00-07:00
47.0,Carrot Creek,Wind Direction,2025-12-09T04:00:00-07:00
,Carrot Creek,Ozone,2025-12-09T04:00:00-07:00
0.0,Carrot Creek,Nitric Oxide,2025-12-09T03:00:00-07:00
-14.1,Carrot Creek,Outdoor Temperature,2025-12-09T03:00:00-07:00
0.0,Carrot Creek,Sulphur Dioxide,2025-12-09T03:00:00-07:00
86.2,Carrot Creek,Relative Humidity,2025-12-09T03:00:00-07:00
0.014,Carrot Creek,Ozone,2025-12-09T03:00:00-07:00
5.9,Carrot Creek,Wind Speed,2025-12-09T03:00:00-07:00
30.0,Carrot Creek,Wind Direction,2025-12-09T03:00:00-07:00
0.003,Carrot Creek,Total Oxides of Nitrogen,2025-12-09T03:00:00-07:00
0.004,Carrot Creek,Nitrogen Dioxide,2025-12-09T03:00:00-07:00
30.0,Carrot Creek,Wind Direction,2025-12-09T02:00:00-07:00
2.8,Carrot Creek,Wind Speed,2025-12-09T02:00:00-07:00
0.0,Carrot Creek,Nitric Oxide,2025-12-09T02:00:00-07:00
0.004,Carrot Creek,Total Oxides of Nitrogen,2025-12-09T02:00:00-07:00
0.0,Carrot Creek,Sulphur Dioxide,2025-12-09T02:00:00-07:00
0.004,Carrot Creek,Nitrogen Dioxide,2025-12-09T02:00:00-07:00
0.015,Carrot Creek,Ozone,2025-12-09T02:00:00-07:00
-11.9,Carrot Creek,Outdoor Temperature,2025-12-09T02:00:00-07:00
87.7,Carrot Creek,Relative Humidity,2025-12-09T02:00:00-07:00
87.5,Carrot Creek,Relative Humidity,2025-12-09T01:00:00-07:00
329.0,Carrot Creek,Wind Direction,2025-12-09T01:00:00-07:00
0.0,Carrot Creek,Sulphur Dioxide,2025-12-09T01:00:00-07:00
-11.3,Carrot Creek,Outdoor Temperature,2025-12-09T01:00:00-07:00
0.004,Carrot Creek,Nitrogen Dioxide,2025-12-09T01:00:00-07:00
0.016,Carrot Creek,Ozone,2025-12-09T01:00:00-07:00
4.6,Carrot Creek,Wind Speed,2025-12-09T01:00:00-07:00
0.004,Carrot Creek,Total Oxides of Nitrogen,2025-12-09T01:00:00-07:00
0.0,Carrot Creek,Nitric Oxide,2025-12-09T01:00:00-07:00
331.0,Carrot Creek,Wind Direction,2025-12-09T00:00:00-07:00
0.004,Carrot Creek,Nitrogen Dioxide,2025-12-09T00:00:00-07:00
-11.5,Carrot Creek,Outdoor Temperature,2025-12-09T00:00:00-07:00
87.9,Carrot Creek,Relative Humidity,2025-12-09T00:00:00-07:00
0.004,Carrot Creek,Total Oxides of Nitrogen,2025-12-09T00:00:00-07:00
0.016,Carrot Creek,Ozone,2025-12-09T00:00:00-07:00
0.0,Carrot Creek,Nitric Oxide,2025-12-09T00:00:00-07:00
0.0,Carrot Creek,Sulphur Dioxide,2025-12-09T00:00:00-07:00
6.5,Carrot Creek,Wind Speed,2025-12-09T00:00:00-07:00
-11.8,Carrot Creek,Outdoor Temperature,2025-12-08T23:00:00-07:00
0.006,Carrot Creek,Nitrogen Dioxide,2025-12-08T23:00:00-07:00
9.0,Carrot Creek,Wind Direction,2025-12-08T23:00:00-07:00
87.7,Carrot Creek,Relative Humidity,2025-12-08T23:00:00-07:00
0.0,Carrot Creek,Nitric Oxide,2025-12-08T23:00:00-07:00
0.0,Carrot Creek,Sulphur Dioxide,2025-12-08T23:00:00-07:00
4.8,Carrot Creek,Wind Speed,2025-12-08T23:00:00-07:00
0.014,Carrot Creek,Ozone,2025-12-08T23:00:00-07:00
0.006,Carrot Creek,Total Oxides of Nitrogen,2025-12-08T23:00:00-07:00
45.0,Carrot Creek,Wind Direction,2025-12-08T22:00:00-07:00
0.0,Carrot Creek,Nitric Oxide,2025-12-08T22:00:00-07:00
87.6,Carrot Creek,Relative Humidity,2025-12-08T22:00:00-07:00
0.0,Carrot Creek,Sulphur Dioxide,2025-12-08T22:00:00-07:00
0.004,Carrot Creek,Nitrogen Dioxide,2025-12-08T22:00:00-07:00
0.004,Carrot Creek,Total Oxides of Nitrogen,2025-12-08T22:00:00-07:00
0.016,Carrot Creek,Ozone,2025-12-08T22:00:00-07:00
3.8,Carrot Creek,Wind Speed,2025-12-08T22:00:00-07:00
-11.8,Carrot Creek,Outdoor Temperature,2025-12-08T22:00:00-07:00
0.005,Carrot Creek,Total Oxides of Nitrogen,2025-12-08T21:00:00-07:00
0.0,Carrot Creek,Sulphur Dioxide,2025-12-08T21:00:00-07:00
7.9,Carrot Creek,Wind Speed,2025-12-08T21:00:00-07:00
0.005,Carrot Creek,Nitrogen Dioxide,2025-12-08T21:00:00-07:00
88.0,Carrot Creek,Wind Direction,2025-12-08T21:00:00-07:00
0.017,Carrot Creek,Ozone,2025-12-08T21:00:00-07:00
-11.6,Carrot Creek,Outdoor Temperature,2025-12-08T21:00:00-07:00
0.0,Carrot Creek,Nitric Oxide,2025-12-08T21:00:00-07:00
87.3,Carrot Creek,Relative Humidity,2025-12-08T21:00:00-07:00
90.0,Carrot Creek,Wind Direction,2025-12-08T20:00:00-07:00
0.006,Carrot Creek,Total Oxides of Nitrogen,2025-12-08T20:00:00-07:00
0.015,Carrot Creek,Ozone,2025-12-08T20:00:00-07:00
0.006,Carrot Creek,Nitrogen Dioxide,2025-12-08T20:00:00-07:00
87.7,Carrot Creek,Relative Humidity,2025-12-08T20:00:00-07:00
0.0,Carrot Creek,Sulphur Dioxide,2025-12-08T20:00:00-07:00
-11.2,Carrot Creek,Outdoor Temperature,2025-12-08T20:00:00-07:00
13.5,Carrot Creek,Wind Speed,2025-12-08T20:00:00-07:00
0.0,Carrot Creek,Nitric Oxide,2025-12-08T20:00:00-07:00
-10.8,Carrot Creek,Outdoor Temperature,2025-12-08T19:00:00-07:00
11.0,Carrot Creek,Wind Speed,2025-12-08T19:00:00-07:00
87.3,Carrot Creek,Relative Humidity,2025-12-08T19:00:00-07:00
0.0,Carrot Creek,Sulphur Dioxide,2025-12-08T19:00:00-07:00
0.013,Carrot Creek,Ozone,2025-12-08T19:00:00-07:00
0.007,Carrot Creek,Total Oxides of Nitrogen,2025-12-08T19:00:00-07:00
83.0,Carrot Creek,Wind Direction,2025-12-08T19:00:00-07:00
0.008,Carrot Creek,Nitrogen Dioxide,2025-12-08T19:00:00-07:00
0.0,Carrot Creek,Nitric Oxide,2025-12-08T19:00:00-07:00
91.0,Carrot Creek,Wind Direction,2025-12-08T18:00:00-07:00
0.0,Carrot Creek,Nitric Oxide,2025-12-08T18:00:00-07:00
0.007,Carrot Creek,Total Oxides of Nitrogen,2025-12-08T18:00:00-07:00
11.9,Carrot Creek,Wind Speed,2025-12-08T18:00:00-07:00
-10.6,Carrot Creek,Outdoor Temperature,2025-12-08T18:00:00-07:00
86.9,Carrot Creek,Relative Humidity,2025-12-08T18:00:00-07:00
0.0,Carrot Creek,Sulphur Dioxide,2025-12-08T18:00:00-07:00
0.007,Carrot Creek,Nitrogen Dioxide,2025-12-08T18:00:00-07:00
0.013,Carrot Creek,Ozone,2025-12-08T18:00:00-07:00
0.007,Carrot Creek,Total Oxides of Nitrogen,2025-12-08T17:00:00-07:00
0.0,Carrot Creek,Nitric Oxide,2025-12-08T17:00:00-07:00
11.0,Carrot Creek,Wind Speed,2025-12-08T17:00:00-07:00
0.0,Carrot Creek,Sulphur Dioxide,2025-12-08T17:00:00-07:00
0.012,Carrot Creek,Ozone,2025-12-08T17:00:00-07:00
77.0,Carrot Creek,Wind Direction,2025-12-08T17:00:00-07:00
-10.5,Carrot Creek,Outdoor Temperature,2025-12-08T17:00:00-07:00
87.0,Carrot Creek,Relative Humidity,2025-12-08T17:00:00-07:00
0.007,Carrot Creek,Nitrogen Dioxide,2025-12-08T17:00:00-07:00
0.001,Carrot Creek,Nitric Oxide,2025-12-08T16:00:00-07:00
86.0,Carrot Creek,Wind Direction,2025-12-08T16:00:00-07:00
0.013,Carrot Creek,Ozone,2025-12-08T16:00:00-07:00
0.007,Carrot Creek,Total Oxides of Nitrogen,2025-12-08T16:00:00-07:00
10.0,Carrot Creek,Wind Speed,2025-12-08T16:00:00-07:00
0.006,Carrot Creek,Nitrogen Dioxide,2025-12-08T16:00:00-07:00
-10.0,Carrot Creek,Outdoor Temperature,2025-12-08T16:00:00-07:00
0.0,Carrot Creek,Sulphur Dioxide,2025-12-08T16:00:00-07:00
86.2,Carrot Creek,Relative Humidity,2025-12-08T16:00:00-07:00
0.003,Carrot Creek,Nitric Oxide,2025-12-08T15:00:00-07:00
8.2,Carrot Creek,Wind Speed,2025-12-08T15:00:00-07:00
-9.2,Carrot Creek,Outdoor Temperature,2025-12-08T15:00:00-07:00
76.0,Carrot Creek,Wind Direction,2025-12-08T15:00:00-07:00
0.006,Carrot Creek,Nitrogen Dioxide,2025-12-08T15:00:00-07:00
86.0,Carrot Creek,Relative Humidity,2025-12-08T15:00:00-07:00
0.0,Carrot Creek,Sulphur Dioxide,2025-12-08T15:00:00-07:00
0.012,Carrot Creek,Ozone,2025-12-08T15:00:00-07:00
0.009,Carrot Creek,Total Oxides of Nitrogen,2025-12-08T15:00:00-07:00
0.003,Carrot Creek,Nitric Oxide,2025-12-08T14:00:00-07:00
83.0,Carrot Creek,Wind Direction,2025-12-08T14:00:00-07:00
0.009,Carrot Creek,Total Oxides of Nitrogen,2025-12-08T14:00:00-07:00
-8.7,Carrot Creek,Outdoor Temperature,2025-12-08T14:00:00-07:00
8.4,Carrot Creek,Wind Speed,2025-12-08T14:00:00-07:00
0.0,Carrot Creek,Sulphur Dioxide,2025-12-08T14:00:00-07:00
0.011,Carrot Creek,Ozone,2025-12-08T14:00:00-07:00
85.6,Carrot Creek,Relative Humidity,2025-12-08T14:00:00-07:00
0.005,Carrot Creek,Nitrogen Dioxide,2025-12-08T14:00:00-07:00
0.007,Carrot Creek,Nitric Oxide,2025-12-08T13:00:00-07:00
0.012,Carrot Creek,Ozone,2025-12-08T13:00:00-07:00
7.6,Carrot Creek,Wind Speed,2025-12-08T13:00:00-07:00
0.013,Carrot Creek,Total Oxides of Nitrogen,2025-12-08T13:00:00-07:00
-8.5,Carrot Creek,Outdoor Temperature,2025-12-08T13:00:00-07:00
84.4,Carrot Creek,Relative Humidity,2025-12-08T13:00:00-07:00
78.0,Carrot Creek,Wind Direction,2025-12-08T13:00:00-07:00
0.006,Carrot Creek,Nitrogen Dioxide,2025-12-08T13:00:00-07:00
0.0,Carrot Creek,Sulphur Dioxide,2025-12-08T13:00:00-07:00
0.008,Carrot Creek,Nitric Oxide,2025-12-08T12:00:00-07:00
0.006,Carrot Creek,Nitrogen Dioxide,2025-12-08T12:00:00-07:00
0.014,Carrot Creek,Total Oxides of Nitrogen,2025-12-08T12:00:00-07:00
73.0,Carrot Creek,Wind Direction,2025-12-08T12:00:00-07:00
-9.4,Carrot Creek,Outdoor Temperature,2025-12-08T12:00:00-07:00
0.009,Carrot Creek,Ozone,2025-12-08T12:00:00-07:00
85.4,Carrot Creek,Relative Humidity,2025-12-08T12:00:00-07:00
5.7,Carrot Creek,Wind Speed,2025-12-08T12:00:00-07:00
0.0,Carrot Creek,Sulphur Dioxide,2025-12-08T12:00:00-07:00
0.006,Carrot Creek,Nitrogen Dioxide,2025-12-08T11:00:00-07:00
49.0,Carrot Creek,Wind Direction,2025-12-08T11:00:00-07:00
0.006,Carrot Creek,Nitric Oxide,2025-12-08T11:00:00-07:00
0.013,Carrot Creek,Total Oxides of Nitrogen,2025-12-08T11:00:00-07:00
-10.3,Carrot Creek,Outdoor Temperature,2025-12-08T11:00:00-07:00
2.8,Carrot Creek,Wind Speed,2025-12-08T11:00:00-07:00
0.005,Carrot Creek,Ozone,2025-12-08T11:00:00-07:00
87.8,Carrot Creek,Relative Humidity,2025-12-08T11:00:00-07:00
0.0,Carrot Creek,Sulphur Dioxide,2025-12-08T11:00:00-07:00
0.002,Carrot Creek,Ozone,2025-12-08T10:00:00-07:00
-10.9,Carrot Creek,Outdoor Temperature,2025-12-08T10:00:00-07:00
0.008,Carrot Creek,Nitrogen Dioxide,2025-12-08T10:00:00-07:00
25.0,Carrot Creek,Wind Direction,2025-12-08T10:00:00-07:00
1.4,Carrot Creek,Wind Speed,2025-12-08T10:00:00-07:00
0.012,Carrot Creek,Total Oxides of Nitrogen,2025-12-08T10:00:00-07:00
0.004,Carrot Creek,Nitric Oxide,2025-12-08T10:00:00-07:00
0.0,Carrot Creek,Sulphur Dioxide,2025-12-08T10:00:00-07:00
88.5,Carrot Creek,Relative Humidity,2025-12-08T10:00:00-07:00
-11.4,Carrot Creek,Outdoor Temperature,2025-12-08T09:00:00-07:00
0.8,Carrot Creek,Wind Speed,2025-12-08T09:00:00-07:00
0.01,Carrot Creek,Nitrogen Dioxide,2025-12-08T09:00:00-07:00
0.014,Carrot Creek,Total Oxides of Nitrogen,2025-12-08T09:00:00-07:00
88.8,Carrot Creek,Relative Humidity,2025-12-08T09:00:00-07:00
62.0,Carrot Creek,Wind Direction,2025-12-08T09:00:00-07:00
0.001,Carrot Creek,Ozone,2025-12-08T09:00:00-07:00
0.0,Carrot Creek,Sulphur Dioxide,2025-12-08T09:00:00-07:00
0.005,Carrot Creek,Nitric Oxide,2025-12-08T09:00:00-07:00
1.5,Carrot Creek,Wind Speed,2025-12-08T08:00:00-07:00
0.009,Carrot Creek,Nitrogen Dioxide,2025-12-08T08:00:00-07:00
-12.6,Carrot Creek,Outdoor Temperature,2025-12-08T08:00:00-07:00
0.0,Carrot Creek,Sulphur Dioxide,2025-12-08T08:00:00-07:00
0.014,Carrot Creek,Total Oxides of Nitrogen,2025-12-08T08:00:00-07:00
0.0,Carrot Creek,Ozone,2025-12-08T08:00:00-07:00
88.1,Carrot Creek,Relative Humidity,2025-12-08T08:00:00-07:00
82.0,Carrot Creek,Wind Direction,2025-12-08T08:00:00-07:00
0.005,Carrot Creek,Nitric Oxide,2025-12-08T08:00:00-07:00
0.015,Carrot Creek,Total Oxides of Nitrogen,2025-12-08T07:00:00-07:00
0.009,Carrot Creek,Nitrogen Dioxide,2025-12-08T07:00:00-07:00
0.006,Carrot Creek,Nitric Oxide,2025-12-08T07:00:00-07:00
87.5,Carrot Creek,Relative Humidity,2025-12-08T07:00:00-07:00
-13.1,Carrot Creek,Outdoor Temperature,2025-12-08T07:00:00-07:00
1.3,Carrot Creek,Wind Speed,2025-12-08T07:00:00-07:00
0.0,Carrot Creek,Ozone,2025-12-08T07:00:00-07:00
0.0,Carrot Creek,Sulphur Dioxide,2025-12-08T07:00:00-07:00
151.0,Carrot Creek,Wind Direction,2025-12-08T07:00:00-07:00
0.003,Carrot Creek,Nitric Oxide,2025-12-08T06:00:00-07:00
0.012,Carrot Creek,Total Oxides of Nitrogen,2025-12-08T06:00:00-07:00
-13.8,Carrot Creek,Outdoor Temperature,2025-12-08T06:00:00-07:00
0.8,Carrot Creek,Wind Speed,2025-12-08T06:00:00-07:00
87.0,Carrot Creek,Relative Humidity,2025-12-08T06:00:00-07:00
0.0,Carrot Creek,Ozone,2025-12-08T06:00:00-07:00
0.009,Carrot Creek,Nitrogen Dioxide,2025-12-08T06:00:00-07:00
0.0,Carrot Creek,Sulphur Dioxide,2025-12-08T06:00:00-07:00
150.0,Carrot Creek,Wind Direction,2025-12-08T06:00:00-07:00
0.002,Carrot Creek,Nitric Oxide,2025-12-08T05:00:00-07:00
0.011,Carrot Creek,Total Oxides of Nitrogen,2025-12-08T05:00:00-07:00
-14.1,Carrot Creek,Outdoor Temperature,2025-12-08T05:00:00-07:00
86.8,Carrot Creek,Relative Humidity,2025-12-08T05:00:00-07:00
1.5,Carrot Creek,Wind Speed,2025-12-08T05:00:00-07:00
0.009,Carrot Creek,Nitrogen Dioxide,2025-12-08T05:00:00-07:00
0.0,Carrot Creek,Sulphur Dioxide,2025-12-08T05:00:00-07:00
177.0,Carrot Creek,Wind Direction,2025-12-08T05:00:00-07:00
0.001,Carrot Creek,Ozone,2025-12-08T05:00:00-07:00
-13.8,Carrot Creek,Outdoor Temperature,2025-12-08T04:00:00-07:00
,Carrot Creek,Total Oxides of Nitrogen,2025-12-08T04:00:00-07:00
87.0,Carrot Creek,Relative Humidity,2025-12-08T04:00:00-07:00
79.0,Carrot Creek,Wind Direction,2025-12-08T04:00:00-07:00
,Carrot Creek,Nitrogen Dioxide,2025-12-08T04:00:00-07:00
0.7,Carrot Creek,Wind Speed,2025-12-08T04:00:00-07:00
,Carrot Creek,Nitric Oxide,2025-12-08T04:00:00-07:00
,Carrot Creek,Ozone,2025-12-08T04:00:00-07:00
,Carrot Creek,Sulphur Dioxide,2025-12-08T04:00:00-07:00
194.0,Carrot Creek,Wind Direction,2025-12-08T03:00:00-07:00
0.0,Carrot Creek,Sulphur Dioxide,2025-12-08T03:00:00-07:00
0.0,Carrot Creek,Nitric Oxide,2025-12-08T03:00:00-07:00
87.2,Carrot Creek,Relative Humidity,2025-12-08T03:00:00-07:00
0.002,Carrot Creek,Ozone,2025-12-08T03:00:00-07:00
0.01,Carrot Creek,Total Oxides of Nitrogen,2025-12-08T03:00:00-07:00
0.01,Carrot Creek,Nitrogen Dioxide,2025-12-08T03:00:00-07:00
1.3,Carrot Creek,Wind Speed,2025-12-08T03:00:00-07:00
-13.7,Carrot Creek,Outdoor Temperature,2025-12-08T03:00:00-07:00
216.0,Carrot Creek,Wind Direction,2025-12-08T02:00:00-07:00
0.0,Carrot Creek,Sulphur Dioxide,2025-12-08T02:00:00-07:00
0.0,Carrot Creek,Nitric Oxide,2025-12-08T02:00:00-07:00
0.01,Carrot Creek,Nitrogen Dioxide,2025-12-08T02:00:00-07:00
86.5,Carrot Creek,Relative Humidity,2025-12-08T02:00:00-07:00
0.002,Carrot Creek,Ozone,2025-12-08T02:00:00-07:00
3.7,Carrot Creek,Wind Speed,2025-12-08T02:00:00-07:00
-14.4,Carrot Creek,Outdoor Temperature,2025-12-08T02:00:00-07:00
0.01,Carrot Creek,Total Oxides of Nitrogen,2025-12-08T02:00:00-07:00
0.0,Carrot Creek,Sulphur Dioxide,2025-12-08T01:00:00-07:00
0.0,Carrot Creek,Nitric Oxide,2025-12-08T01:00:00-07:00
87.1,Carrot Creek,Relative Humidity,2025-12-08T01:00:00-07:00
-14.1,Carrot Creek,Outdoor Temperature,2025-12-08T01:00:00-07:00
2.9,Carrot Creek,Wind Speed,2025-12-08T01:00:00-07:00
0.009,Carrot Creek,Total Oxides of Nitrogen,2025-12-08T01:00:00-07:00
0.009,Carrot Creek,Nitrogen Dioxide,2025-12-08T01:00:00-07:00
0.004,Carrot Creek,Ozone,2025-12-08T01:00:00-07:00
212.0,Carrot Creek,Wind Direction,2025-12-08T01:00:00-07:00
-14.2,Carrot Creek,Outdoor Temperature,2025-12-08T00:00:00-07:00
0.005,Carrot Creek,Ozone,2025-12-08T00:00:00-07:00
0.01,Carrot Creek,Nitrogen Dioxide,2025-12-08T00:00:00-07:00
0.01,Carrot Creek,Total Oxides of Nitrogen,2025-12-08T00:00:00-07:00
2.4,Carrot Creek,Wind Speed,2025-12-08T00:00:00-07:00
0.0,Carrot Creek,Nitric Oxide,2025-12-08T00:00:00-07:00
86.9,Carrot Creek,Relative Humidity,2025-12-08T00:00:00-07:00
0.0,Carrot Creek,Sulphur Dioxide,2025-12-08T00:00:00-07:00
265.0,Carrot Creek,Wind Direction,2025-12-08T00:00:00-07:00
0.009,Carrot Creek,Nitrogen Dioxide,2025-12-07T23:00:00-07:00
0.0,Carrot Creek,Nitric Oxide,2025-12-07T23:00:00-07:00
0.007,Carrot Creek,Ozone,2025-12-07T23:00:00-07:00
0.0,Carrot Creek,Sulphur Dioxide,2025-12-07T23:00:00-07:00
-13.6,Carrot Creek,Outdoor Temperature,2025-12-07T23:00:00-07:00
228.0,Carrot Creek,Wind Direction,2025-12-07T23:00:00-07:00
87.2,Carrot Creek,Relative Humidity,2025-12-07T23:00:00-07:00
0.009,Carrot Creek,Total Oxides of Nitrogen,2025-12-07T23:00:00-07:00
6.3,Carrot Creek,Wind Speed,2025-12-07T23:00:00-07:00
0.0,Carrot Creek,Nitric Oxide,2025-12-07T22:00:00-07:00
0.0,Carrot Creek,Sulphur Dioxide,2025-12-07T22:00:00-07:00
-12.6,Carrot Creek,Outdoor Temperature,2025-12-07T22:00:00-07:00
314.0,Carrot Creek,Wind Direction,2025-12-07T22:00:00-07:00
0.006,Carrot Creek,Nitrogen Dioxide,2025-12-07T22:00:00-07:00
0.7,Carrot Creek,Wind Speed,2025-12-07T22:00:00-07:00
87.5,Carrot Creek,Relative Humidity,2025-12-07T22:00:00-07:00
0.006,Carrot Creek,Total Oxides of Nitrogen,2025-12-07T22:00:00-07:00
0.011,Carrot Creek,Ozone,2025-12-07T22:00:00-07:00
0.007,Carrot Creek,Total Oxides of Nitrogen,2025-12-07T21:00:00-07:00
0.011,Carrot Creek,Ozone,2025-12-07T21:00:00-07:00
87.1,Carrot Creek,Relative Humidity,2025-12-07T21:00:00-07:00
1.1,Carrot Creek,Wind Speed,2025-12-07T21:00:00-07:00
0.0,Carrot Creek,Nitric Oxide,2025-12-07T21:00:00-07:00
0.007,Carrot Creek,Nitrogen Dioxide,2025-12-07T21:00:00-07:00
59.0,Carrot Creek,Wind Direction,2025-12-07T21:00:00-07:00
0.0,Carrot Creek,Sulphur Dioxide,2025-12-07T21:00:00-07:00
-12.8,Carrot Creek,Outdoor Temperature,2025-12-07T21:00:00-07:00
0.007,Carrot Creek,Total Oxides of Nitrogen,2025-12-07T20:00:00-07:00
0.0,Carrot Creek,Nitric Oxide,2025-12-07T20:00:00-07:00
0.012,Carrot Creek,Ozone,2025-12-07T20:00:00-07:00
4.3,Carrot Creek,Wind Speed,2025-12-07T20:00:00-07:00
59.0,Carrot Creek,Wind Direction,2025-12-07T20:00:00-07:00
87.3,Carrot Creek,Relative Humidity,2025-12-07T20:00:00-07:00
0.007,Carrot Creek,Nitrogen Dioxide,2025-12-07T20:00:00-07:00
-12.6,Carrot Creek,Outdoor Temperature,2025-12-07T20:00:00-07:00
0.0,Carrot Creek,Sulphur Dioxide,2025-12-07T20:00:00-07:00
0.0,Carrot Creek,Nitric Oxide,2025-12-07T19:00:00-07:00
0.012,Carrot Creek,Ozone,2025-12-07T19:00:00-07:00
0.007,Carrot Creek,Nitrogen Dioxide,2025-12-07T19:00:00-07:00
0.0,Carrot Creek,Sulphur Dioxide,2025-12-07T19:00:00-07:00
-12.2,Carrot Creek,Outdoor Temperature,2025-12-07T19:00:00-07:00
87.6,Carrot Creek,Relative Humidity,2025-12-07T19:00:00-07:00
5.1,Carrot Creek,Wind Speed,2025-12-07T19:00:00-07:00
64.0,Carrot Creek,Wind Direction,2025-12-07T19:00:00-07:00
0.007,Carrot Creek,Total Oxides of Nitrogen,2025-12-07T19:00:00-07:00
0.0,Carrot Creek,Sulphur Dioxide,2025-12-07T18:00:00-07:00
-12.6,Carrot Creek,Outdoor Temperature,2025-12-07T18:00:00-07:00
0.008,Carrot Creek,Nitrogen Dioxide,2025-12-07T18:00:00-07:00
87.7,Carrot Creek,Relative Humidity,2025-12-07T18:00:00-07:00
2.9,Carrot Creek,Wind Speed,2025-12-07T18:00:00-07:00
75.0,Carrot Creek,Wind Direction,2025-12-07T18:00:00-07:00
0.01,Carrot Creek,Ozone,2025-12-07T18:00:00-07:00
0.008,Carrot Creek,Total Oxides of Nitrogen,2025-12-07T18:00:00-07:00
0.0,Carrot Creek,Nitric Oxide,2025-12-07T18:00:00-07:00
-12.9,Carrot Creek,Outdoor Temperature,2025-12-07T17:00:00-07:00
0.008,Carrot Creek,Nitrogen Dioxide,2025-12-07T17:00:00-07:00
0.0,Carrot Creek,Sulphur Dioxide,2025-12-07T17:00:00-07:00
87.0,Carrot Creek,Relative Humidity,2025-12-07T17:00:00-07:00
69.0,Carrot Creek,Wind Direction,2025-12-07T17:00:00-07:00
0.008,Carrot Creek,Total Oxides of Nitrogen,2025-12-07T17:00:00-07:00
0.01,Carrot Creek,Ozone,2025-12-07T17:00:00-07:00
0.0,Carrot Creek,Nitric Oxide,2025-12-07T17:00:00-07:00
3.3,Carrot Creek,Wind Speed,2025-12-07T17:00:00-07:00
87.0,Carrot Creek,Wind Direction,2025-12-07T16:00:00-07:00
0.006,Carrot Creek,Nitrogen Dioxide,2025-12-07T16:00:00-07:00
0.001,Carrot Creek,Nitric Oxide,2025-12-07T16:00:00-07:00
86.2,Carrot Creek,Relative Humidity,2025-12-07T16:00:00-07:00
0.007,Carrot Creek,Total Oxides of Nitrogen,2025-12-07T16:00:00-07:00
-12.9,Carrot Creek,Outdoor Temperature,2025-12-07T16:00:00-07:00
0.011,Carrot Creek,Ozone,2025-12-07T16:00:00-07:00
5.2,Carrot Creek,Wind Speed,2025-12-07T16:00:00-07:00
0.0,Carrot Creek,Sulphur Dioxide,2025-12-07T16:00:00-07:00
0.006,Carrot Creek,Nitrogen Dioxide,2025-12-07T15:00:00-07:00
76.0,Carrot Creek,Wind Direction,2025-12-07T15:00:00-07:00
85.5,Carrot Creek,Relative Humidity,2025-12-07T15:00:00-07:00
0.002,Carrot Creek,Nitric Oxide,2025-12-07T15:00:00-07:00
0.011,Carrot Creek,Ozone,2025-12-07T15:00:00-07:00
5.2,Carrot Creek,Wind Speed,2025-12-07T15:00:00-07:00
0.008,Carrot Creek,Total Oxides of Nitrogen,2025-12-07T15:00:00-07:00
-13.4,Carrot Creek,Outdoor Temperature,2025-12-07T15:00:00-07:00
0.0,Carrot Creek,Sulphur Dioxide,2025-12-07T15:00:00-07:00
115.0,Carrot Creek,Wind Direction,2025-12-07T14:00:00-07:00
0.004,Carrot Creek,Nitric Oxide,2025-12-07T14:00:00-07:00
5.9,Carrot Creek,Wind Speed,2025-12-07T14:00:00-07:00
85.2,Carrot Creek,Relative Humidity,2025-12-07T14:00:00-07:00
0.01,Carrot Creek,Ozone,2025-12-07T14:00:00-07:00
-14.3,Carrot Creek,Outdoor Temperature,2025-12-07T14:00:00-07:00
0.011,Carrot Creek,Total Oxides of Nitrogen,2025-12-07T14:00:00-07:00
0.0,Carrot Creek,Sulphur Dioxide,2025-12-07T14:00:00-07:00
0.007,Carrot Creek,Nitrogen Dioxide,2025-12-07T14:00:00-07:00
50.0,Carrot Creek,Wind Direction,2025-12-07T13:00:00-07:00
-15.1,Carrot Creek,Outdoor Temperature,2025-12-07T13:00:00-07:00
0.008,Carrot Creek,Nitrogen Dioxide,2025-12-07T13:00:00-07:00
0.0,Carrot Creek,Sulphur Dioxide,2025-12-07T13:00:00-07:00
0.014,Carrot Creek,Total Oxides of Nitrogen,2025-12-07T13:00:00-07:00
0.01,Carrot Creek,Ozone,2025-12-07T13:00:00-07:00
84.7,Carrot Creek,Relative Humidity,2025-12-07T13:00:00-07:00
0.006,Carrot Creek,Nitric Oxide,2025-12-07T13:00:00-07:00
7.0,Carrot Creek,Wind Speed,2025-12-07T13:00:00-07:00
0.0,Carrot Creek,Sulphur Dioxide,2025-12-07T12:00:00-07:00
0.006,Carrot Creek,Nitrogen Dioxide,2025-12-07T12:00:00-07:00
0.009,Carrot Creek,Total Oxides of Nitrogen,2025-12-07T12:00:00-07:00
-16.0,Carrot Creek,Outdoor Temperature,2025-12-07T12:00:00-07:00
0.01,Carrot Creek,Ozone,2025-12-07T12:00:00-07:00
84.1,Carrot Creek,Relative Humidity,2025-12-07T12:00:00-07:00
31.0,Carrot Creek,Wind Direction,2025-12-07T12:00:00-07:00
0.004,Carrot Creek,Nitric Oxide,2025-12-07T12:00:00-07:00
3.9,Carrot Creek,Wind Speed,2025-12-07T12:00:00-07:00
-18.0,Carrot Creek,Outdoor Temperature,2025-12-07T11:00:00-07:00
0.004,Carrot Creek,Nitrogen Dioxide,2025-12-07T11:00:00-07:00
0.4,Carrot Creek,Wind Speed,2025-12-07T11:00:00-07:00
74.0,Carrot Creek,Wind Direction,2025-12-07T11:00:00-07:00
0.008,Carrot Creek,Total Oxides of Nitrogen,2025-12-07T11:00:00-07:00
0.0,Carrot Creek,Sulphur Dioxide,2025-12-07T11:00:00-07:00
0.007,Carrot Creek,Ozone,2025-12-07T11:00:00-07:00
82.1,Carrot Creek,Relative Humidity,2025-12-07T11:00:00-07:00
0.004,Carrot Creek,Nitric Oxide,2025-12-07T11:00:00-07:00
63.0,Carrot Creek,Wind Direction,2025-12-07T10:00:00-07:00
-19.9,Carrot Creek,Outdoor Temperature,2025-12-07T10:00:00-07:00
0.009,Carrot Creek,Total Oxides of Nitrogen,2025-12-07T10:00:00-07:00
0.0,Carrot Creek,Sulphur Dioxide,2025-12-07T10:00:00-07:00
80.7,Carrot Creek,Relative Humidity,2025-12-07T10:00:00-07:00
0.006,Carrot Creek,Ozone,2025-12-07T10:00:00-07:00
0.5,Carrot Creek,Wind Speed,2025-12-07T10:00:00-07:00
0.006,Carrot Creek,Nitrogen Dioxide,2025-12-07T10:00:00-07:00
0.003,Carrot Creek,Nitric Oxide,2025-12-07T10:00:00-07:00
140.0,Carrot Creek,Wind Direction,2025-12-07T09:00:00-07:00
0.011,Carrot Creek,Total Oxides of Nitrogen,2025-12-07T09:00:00-07:00
80.4,Carrot Creek,Relative Humidity,2025-12-07T09:00:00-07:00
0.001,Carrot Creek,Nitric Oxide,2025-12-07T09:00:00-07:00
0.01,Carrot Creek,Nitrogen Dioxide,2025-12-07T09:00:00-07:00
1.0,Carrot Creek,Wind Speed,2025-12-07T09:00:00-07:00
0.003,Carrot Creek,Ozone,2025-12-07T09:00:00-07:00
-21.0,Carrot Creek,Outdoor Temperature,2025-12-07T09:00:00-07:00
0.0,Carrot Creek,Sulphur Dioxide,2025-12-07T09:00:00-07:00
1.7,Carrot Creek,Wind Speed,2025-12-07T08:00:00-07:00
0.008,Carrot Creek,Nitrogen Dioxide,2025-12-07T08:00:00-07:00
0.0,Carrot Creek,Nitric Oxide,2025-12-07T08:00:00-07:00
0.005,Carrot Creek,Ozone,2025-12-07T08:00:00-07:00
-21.1,Carrot Creek,Outdoor Temperature,2025-12-07T08:00:00-07:00
80.3,Carrot Creek,Relative Humidity,2025-12-07T08:00:00-07:00
0.0,Carrot Creek,Sulphur Dioxide,2025-12-07T08:00:00-07:00
0.009,Carrot Creek,Total Oxides of Nitrogen,2025-12-07T08:00:00-07:00
186.0,Carrot Creek,Wind Direction,2025-12-07T08:00:00-07:00
0.0,Carrot Creek,Nitric Oxide,2025-12-07T07:00:00-07:00
0.008,Carrot Creek,Nitrogen Dioxide,2025-12-07T07:00:00-07:00
80.7,Carrot Creek,Relative Humidity,2025-12-07T07:00:00-07:00
0.0,Carrot Creek,Sulphur Dioxide,2025-12-07T07:00:00-07:00
0.009,Carrot Creek,Total Oxides of Nitrogen,2025-12-07T07:00:00-07:00
148.0,Carrot Creek,Wind Direction,2025-12-07T07:00:00-07:00
0.8,Carrot Creek,Wind Speed,2025-12-07T07:00:00-07:00
0.006,Carrot Creek,Ozone,2025-12-07T07:00:00-07:00
-20.5,Carrot Creek,Outdoor Temperature,2025-12-07T07:00:00-07:00
0.007,Carrot Creek,Nitrogen Dioxide,2025-12-07T06:00:00-07:00
0.0,Carrot Creek,Nitric Oxide,2025-12-07T06:00:00-07:00
171.0,Carrot Creek,Wind Direction,2025-12-07T06:00:00-07:00
0.008,Carrot Creek,Ozone,2025-12-07T06:00:00-07:00
2.1,Carrot Creek,Wind Speed,2025-12-07T06:00:00-07:00
80.8,Carrot Creek,Relative Humidity,2025-12-07T06:00:00-07:00
0.007,Carrot Creek,Total Oxides of Nitrogen,2025-12-07T06:00:00-07:00
0.0,Carrot Creek,Sulphur Dioxide,2025-12-07T06:00:00-07:00
-20.4,Carrot Creek,Outdoor Temperature,2025-12-07T06:00:00-07:00
0.01,Carrot Creek,Nitrogen Dioxide,2025-12-07T05:00:00-07:00
0.01,Carrot Creek,Total Oxides of Nitrogen,2025-12-07T05:00:00-07:00
0.0,Carrot Creek,Nitric Oxide,2025-12-07T05:00:00-07:00
0.007,Carrot Creek,Ozone,2025-12-07T05:00:00-07:00
2.1,Carrot Creek,Wind Speed,2025-12-07T05:00:00-07:00
-19.4,Carrot Creek,Outdoor Temperature,2025-12-07T05:00:00-07:00
0.0,Carrot Creek,Sulphur Dioxide,2025-12-07T05:00:00-07:00
81.8,Carrot Creek,Relative Humidity,2025-12-07T05:00:00-07:00
182.0,Carrot Creek,Wind Direction,2025-12-07T05:00:00-07:00
-18.4,Carrot Creek,Outdoor Temperature,2025-12-07T04:00:00-07:00
1.2,Carrot Creek,Wind Speed,2025-12-07T04:00:00-07:00
,Carrot Creek,Nitrogen Dioxide,2025-12-07T04:00:00-07:00
,Carrot Creek,Sulphur Dioxide,2025-12-07T04:00:00-07:00
82.7,Carrot Creek,Relative Humidity,2025-12-07T04:00:00-07:00
159.0,Carrot Creek,Wind Direction,2025-12-07T04:00:00-07:00
,Carrot Creek,Total Oxides of Nitrogen,2025-12-07T04:00:00-07:00
,Carrot Creek,Nitric Oxide,2025-12-07T04:00:00-07:00
,Carrot Creek,Ozone,2025-12-07T04:00:00-07:00
-17.2,Carrot Creek,Outdoor Temperature,2025-12-07T03:00:00-07:00
0.9,Carrot Creek,Wind Speed,2025-12-07T03:00:00-07:00
117.0,Carrot Creek,Wind Direction,2025-12-07T03:00:00-07:00
0.014,Carrot Creek,Ozone,2025-12-07T03:00:00-07:00
0.0,Carrot Creek,Nitric Oxide,2025-12-07T03:00:00-07:00
0.005,Carrot Creek,Nitrogen Dioxide,2025-12-07T03:00:00-07:00
0.0,Carrot Creek,Sulphur Dioxide,2025-12-07T03:00:00-07:00
0.005,Carrot Creek,Total Oxides of Nitrogen,2025-12-07T03:00:00-07:00
83.4,Carrot Creek,Relative Humidity,2025-12-07T03:00:00-07:00
0.012,Carrot Creek,Ozone,2025-12-07T02:00:00-07:00
83.5,Carrot Creek,Relative Humidity,2025-12-07T02:00:00-07:00
0.0,Carrot Creek,Nitric Oxide,2025-12-07T02:00:00-07:00
0.007,Carrot Creek,Nitrogen Dioxide,2025-12-07T02:00:00-07:00
2.7,Carrot Creek,Wind Speed,2025-12-07T02:00:00-07:00
0.0,Carrot Creek,Sulphur Dioxide,2025-12-07T02:00:00-07:00
205.0,Carrot Creek,Wind Direction,2025-12-07T02:00:00-07:00
0.007,Carrot Creek,Total Oxides of Nitrogen,2025-12-07T02:00:00-07:00
-17.6,Carrot Creek,Outdoor Temperature,2025-12-07T02:00:00-07:00
0.008,Carrot Creek,Ozone,2025-12-07T01:00:00-07:00
0.0,Carrot Creek,Nitric Oxide,2025-12-07T01:00:00-07:00
0.011,Carrot Creek,Nitrogen Dioxide,2025-12-07T01:00:00-07:00
1.2,Carrot Creek,Wind Speed,2025-12-07T01:00:00-07:00
0.0,Carrot Creek,Sulphur Dioxide,2025-12-07T01:00:00-07:00
-19.6,Carrot Creek,Outdoor Temperature,2025-12-07T01:00:00-07:00
215.0,Carrot Creek,Wind Direction,2025-12-07T01:00:00-07:00
0.011,Carrot Creek,Total Oxides of Nitrogen,2025-12-07T01:00:00-07:00
81.8,Carrot Creek,Relative Humidity,2025-12-07T01:00:00-07:00
0.0,Carrot Creek,Nitric Oxide,2025-12-07T00:00:00-07:00
-18.8,Carrot Creek,Outdoor Temperature,2025-12-07T00:00:00-07:00
0.013,Carrot Creek,Ozone,2025-12-07T00:00:00-07:00
1.1,Carrot Creek,Wind Speed,2025-12-07T00:00:00-07:00
0.009,Carrot Creek,Nitrogen Dioxide,2025-12-07T00:00:00-07:00
0.0,Carrot Creek,Sulphur Dioxide,2025-12-07T00:00:00-07:00
182.0,Carrot Creek,Wind Direction,2025-12-07T00:00:00-07:00
82.6,Carrot Creek,Relative Humidity,2025-12-07T00:00:00-07:00
0.009,Carrot Creek,Total Oxides of Nitrogen,2025-12-07T00:00:00-07:00
0.004,Carrot Creek,Nitrogen Dioxide,2025-12-06T23:00:00-07:00
59.0,Carrot Creek,Wind Direction,2025-12-06T23:00:00-07:00
0.7,Carrot Creek,Wind Speed,2025-12-06T23:00:00-07:00
0.02,Carrot Creek,Ozone,2025-12-06T23:00:00-07:00
0.003,Carrot Creek,Total Oxides of Nitrogen,2025-12-06T23:00:00-07:00
84.2,Carrot Creek,Relative Humidity,2025-12-06T23:00:00-07:00
0.0,Carrot Creek,Nitric Oxide,2025-12-06T23:00:00-07:00
0.0,Carrot Creek,Sulphur Dioxide,2025-12-06T23:00:00-07:00
-17.2,Carrot Creek,Outdoor Temperature,2025-12-06T23:00:00-07:00
0.024,Carrot Creek,Ozone,2025-12-06T22:00:00-07:00
0.004,Carrot Creek,Total Oxides of Nitrogen,2025-12-06T22:00:00-07:00
84.5,Carrot Creek,Relative Humidity,2025-12-06T22:00:00-07:00
0.004,Carrot Creek,Nitrogen Dioxide,2025-12-06T22:00:00-07:00
0.0,Carrot Creek,Nitric Oxide,2025-12-06T22:00:00-07:00
77.0,Carrot Creek,Wind Direction,2025-12-06T22:00:00-07:00
0.0,Carrot Creek,Sulphur Dioxide,2025-12-06T22:00:00-07:00
3.0,Carrot Creek,Wind Speed,2025-12-06T22:00:00-07:00
-16.1,Carrot Creek,Outdoor Temperature,2025-12-06T22:00:00-07:00
0.004,Carrot Creek,Total Oxides of Nitrogen,2025-12-06T21:00:00-07:00
0.0,Carrot Creek,Sulphur Dioxide,2025-12-06T21:00:00-07:00
84.2,Carrot Creek,Relative Humidity,2025-12-06T21:00:00-07:00
0.025,Carrot Creek,Ozone,2025-12-06T21:00:00-07:00
0.0,Carrot Creek,Nitric Oxide,2025-12-06T21:00:00-07:00
0.004,Carrot Creek,Nitrogen Dioxide,2025-12-06T21:00:00-07:00
73.0,Carrot Creek,Wind Direction,2025-12-06T21:00:00-07:00
4.7,Carrot Creek,Wind Speed,2025-12-06T21:00:00-07:00
-15.5,Carrot Creek,Outdoor Temperature,2025-12-06T21:00:00-07:00
0.003,Carrot Creek,Total Oxides of Nitrogen,2025-12-06T20:00:00-07:00
0.026,Carrot Creek,Ozone,2025-12-06T20:00:00-07:00
83.8,Carrot Creek,Relative Humidity,2025-12-06T20:00:00-07:00
0.0,Carrot Creek,Nitric Oxide,2025-12-06T20:00:00-07:00
82.0,Carrot Creek,Wind Direction,2025-12-06T20:00:00-07:00
0.0,Carrot Creek,Sulphur Dioxide,2025-12-06T20:00:00-07:00
5.6,Carrot Creek,Wind Speed,2025-12-06T20:00:00-07:00
0.003,Carrot Creek,Nitrogen Dioxide,2025-12-06T20:00:00-07:00
-15.4,Carrot Creek,Outdoor Temperature,2025-12-06T20:00:00-07:00
0.0,Carrot Creek,Sulphur Dioxide,2025-12-06T19:00:00-07:00
0.0,Carrot Creek,Nitric Oxide,2025-12-06T19:00:00-07:00
0.003,Carrot Creek,Nitrogen Dioxide,2025-12-06T19:00:00-07:00
-15.4,Carrot Creek,Outdoor Temperature,2025-12-06T19:00:00-07:00
75.0,Carrot Creek,Wind Direction,2025-12-06T19:00:00-07:00
0.003,Carrot Creek,Total Oxides of Nitrogen,2025-12-06T19:00:00-07:00
83.8,Carrot Creek,Relative Humidity,2025-12-06T19:00:00-07:00
0.026,Carrot Creek,Ozone,2025-12-06T19:00:00-07:00
7.8,Carrot Creek,Wind Speed,2025-12-06T19:00:00-07:00
64.0,Carrot Creek,Wind Direction,2025-12-06T18:00:00-07:00
0.003,Carrot Creek,Nitrogen Dioxide,2025-12-06T18:00:00-07:00
0.0,Carrot Creek,Nitric Oxide,2025-12-06T18:00:00-07:00
0.003,Carrot Creek,Total Oxides of Nitrogen,2025-12-06T18:00:00-07:00
84.1,Carrot Creek,Relative Humidity,2025-12-06T18:00:00-07:00
-15.2,Carrot Creek,Outdoor Temperature,2025-12-06T18:00:00-07:00
0.026,Carrot Creek,Ozone,2025-12-06T18:00:00-07:00
0.0,Carrot Creek,Sulphur Dioxide,2025-12-06T18:00:00-07:00
8.0,Carrot Creek,Wind Speed,2025-12-06T18:00:00-07:00
73.0,Carrot Creek,Wind Direction,2025-12-06T17:00:00-07:00
0.003,Carrot Creek,Nitrogen Dioxide,2025-12-06T17:00:00-07:00
0.0,Carrot Creek,Nitric Oxide,2025-12-06T17:00:00-07:00
0.003,Carrot Creek,Total Oxides of Nitrogen,2025-12-06T17:00:00-07:00
0.026,Carrot Creek,Ozone,2025-12-06T17:00:00-07:00
83.9,Carrot Creek,Relative Humidity,2025-12-06T17:00:00-07:00
-15.0,Carrot Creek,Outdoor Temperature,2025-12-06T17:00:00-07:00
0.0,Carrot Creek,Sulphur Dioxide,2025-12-06T17:00:00-07:00
8.7,Carrot Creek,Wind Speed,2025-12-06T17:00:00-07:00
0.004,Carrot Creek,Nitrogen Dioxide,2025-12-06T16:00:00-07:00
101.0,Carrot Creek,Wind Direction,2025-12-06T16:00:00-07:00
0.004,Carrot Creek,Total Oxides of Nitrogen,2025-12-06T16:00:00-07:00
0.025,Carrot Creek,Ozone,2025-12-06T16:00:00-07:00
0.0,Carrot Creek,Nitric Oxide,2025-12-06T16:00:00-07:00
0.0,Carrot Creek,Sulphur Dioxide,2025-12-06T16:00:00-07:00
82.3,Carrot Creek,Relative Humidity,2025-12-06T16:00:00-07:00
-14.6,Carrot Creek,Outdoor Temperature,2025-12-06T16:00:00-07:00
10.6,Carrot Creek,Wind Speed,2025-12-06T16:00:00-07:00
0.0,Carrot Creek,Sulphur Dioxide,2025-12-06T15:00:00-07:00
0.0,Carrot Creek,Nitric Oxide,2025-12-06T15:00:00-07:00
0.003,Carrot Creek,Total Oxides of Nitrogen,2025-12-06T15:00:00-07:00
82.0,Carrot Creek,Relative Humidity,2025-12-06T15:00:00-07:00
9.4,Carrot Creek,Wind Speed,2025-12-06T15:00:00-07:00
-14.6,Carrot Creek,Outdoor Temperature,2025-12-06T15:00:00-07:00
0.003,Carrot Creek,Nitrogen Dioxide,2025-12-06T15:00:00-07:00
0.025,Carrot Creek,Ozone,2025-12-06T15:00:00-07:00
91.0,Carrot Creek,Wind Direction,2025-12-06T15:00:00-07:00
9.4,Carrot Creek,Wind Speed,2025-12-06T14:00:00-07:00
0.003,Carrot Creek,Total Oxides of Nitrogen,2025-12-06T14:00:00-07:00
81.5,Carrot Creek,Relative Humidity,2025-12-06T14:00:00-07:00
-14.8,Carrot Creek,Outdoor Temperature,2025-12-06T14:00:00-07:00
0.001,Carrot Creek,Nitric Oxide,2025-12-06T14:00:00-07:00
0.002,Carrot Creek,Nitrogen Dioxide,2025-12-06T14:00:00-07:00
93.0,Carrot Creek,Wind Direction,2025-12-06T14:00:00-07:00
0.0,Carrot Creek,Sulphur Dioxide,2025-12-06T14:00:00-07:00
0.025,Carrot Creek,Ozone,2025-12-06T14:00:00-07:00
81.3,Carrot Creek,Relative Humidity,2025-12-06T13:00:00-07:00
-15.3,Carrot Creek,Outdoor Temperature,2025-12-06T13:00:00-07:00
9.5,Carrot Creek,Wind Speed,2025-12-06T13:00:00-07:00
0.001,Carrot Creek,Nitric Oxide,2025-12-06T13:00:00-07:00
0.003,Carrot Creek,Nitrogen Dioxide,2025-12-06T13:00:00-07:00
103.0,Carrot Creek,Wind Direction,2025-12-06T13:00:00-07:00
0.025,Carrot Creek,Ozone,2025-12-06T13:00:00-07:00
0.004,Carrot Creek,Total Oxides of Nitrogen,2025-12-06T13:00:00-07:00
0.0,Carrot Creek,Sulphur Dioxide,2025-12-06T13:00:00-07:00
0.003,Carrot Creek,Nitrogen Dioxide,2025-12-06T12:00:00-07:00
100.0,Carrot Creek,Wind Direction,2025-12-06T12:00:00-07:00
10.0,Carrot Creek,Wind Speed,2025-12-06T12:00:00-07:00
0.004,Carrot Creek,Total Oxides of Nitrogen,2025-12-06T12:00:00-07:00
0.0,Carrot Creek,Sulphur Dioxide,2025-12-06T12:00:00-07:00
81.8,Carrot Creek,Relative Humidity,2025-12-06T12:00:00-07:00
0.024,Carrot Creek,Ozone,2025-12-06T12:00:00-07:00
0.001,Carrot Creek,Nitric Oxide,2025-12-06T12:00:00-07:00
-15.8,Carrot Creek,Outdoor Temperature,2025-12-06T12:00:00-07:00
0.004,Carrot Creek,Nitrogen Dioxide,2025-12-06T11:00:00-07:00
7.4,Carrot Creek,Wind Speed,2025-12-06T11:00:00-07:00
0.005,Carrot Creek,Total Oxides of Nitrogen,2025-12-06T11:00:00-07:00
0.022,Carrot Creek,Ozone,2025-12-06T11:00:00-07:00
83.0,Carrot Creek,Relative Humidity,2025-12-06T11:00:00-07:00
100.0,Carrot Creek,Wind Direction,2025-12-06T11:00:00-07:00
0.001,Carrot Creek,Nitric Oxide,2025-12-06T11:00:00-07:00
0.0,Carrot Creek,Sulphur Dioxide,2025-12-06T11:00:00-07:00
-16.6,Carrot Creek,Outdoor Temperature,2025-12-06T11:00:00-07:00
0.004,Carrot Creek,Nitrogen Dioxide,2025-12-06T10:00:00-07:00
0.021,Carrot Creek,Ozone,2025-12-06T10:00:00-07:00
5.6,Carrot Creek,Wind Speed,2025-12-06T10:00:00-07:00
0.005,Carrot Creek,Total Oxides of Nitrogen,2025-12-06T10:00:00-07:00
0.0,Carrot Creek,Sulphur Dioxide,2025-12-06T10:00:00-07:00
83.3,Carrot Creek,Relative Humidity,2025-12-06T10:00:00-07:00
0.001,Carrot Creek,Nitric Oxide,2025-12-06T10:00:00-07:00
-17.7,Carrot Creek,Outdoor Temperature,2025-12-06T10:00:00-07:00
76.0,Carrot Creek,Wind Direction,2025-12-06T10:00:00-07:00
0.021,Carrot Creek,Ozone,2025-12-06T09:00:00-07:00
0.004,Carrot Creek,Total Oxides of Nitrogen,2025-12-06T09:00:00-07:00
0.004,Carrot Creek,Nitrogen Dioxide,2025-12-06T09:00:00-07:00
6.0,Carrot Creek,Wind Speed,2025-12-06T09:00:00-07:00
0.0,Carrot Creek,Sulphur Dioxide,2025-12-06T09:00:00-07:00
0.0,Carrot Creek,Nitric Oxide,2025-12-06T09:00:00-07:00
83.3,Carrot Creek,Relative Humidity,2025-12-06T09:00:00-07:00
-18.3,Carrot Creek,Outdoor Temperature,2025-12-06T09:00:00-07:00
74.0,Carrot Creek,Wind Direction,2025-12-06T09:00:00-07:00
0.004,Carrot Creek,Nitrogen Dioxide,2025-12-06T08:00:00-07:00
5.1,Carrot Creek,Wind Speed,2025-12-06T08:00:00-07:00
-17.6,Carrot Creek,Outdoor Temperature,2025-12-06T08:00:00-07:00
83.3,Carrot Creek,Relative Humidity,2025-12-06T08:00:00-07:00
74.0,Carrot Creek,Wind Direction,2025-12-06T08:00:00-07:00
0.0,Carrot Creek,Nitric Oxide,2025-12-06T08:00:00-07:00
0.022,Carrot Creek,Ozone,2025-12-06T08:00:00-07:00
0.0,Carrot Creek,Sulphur Dioxide,2025-12-06T08:00:00-07:00
0.004,Carrot Creek,Total Oxides of Nitrogen,2025-12-06T08:00:00-07:00
83.2,Carrot Creek,Relative Humidity,2025-12-06T07:00:00-07:00
-17.0,Carrot Creek,Outdoor Temperature,2025-12-06T07:00:00-07:00
0.0,Carrot Creek,Nitric Oxide,2025-12-06T07:00:00-07:00
0.0,Carrot Creek,Sulphur Dioxide,2025-12-06T07:00:00-07:00
0.004,Carrot Creek,Nitrogen Dioxide,2025-12-06T07:00:00-07:00
0.022,Carrot Creek,Ozone,2025-12-06T07:00:00-07:00
0.004,Carrot Creek,Total Oxides of Nitrogen,2025-12-06T07:00:00-07:00
92.0,Carrot Creek,Wind Direction,2025-12-06T07:00:00-07:00
7.9,Carrot Creek,Wind Speed,2025-12-06T07:00:00-07:00
0.0,Carrot Creek,Nitric Oxide,2025-12-06T06:00:00-07:00
0.0,Carrot Creek,Sulphur Dioxide,2025-12-06T06:00:00-07:00
0.004,Carrot Creek,Nitrogen Dioxide,2025-12-06T06:00:00-07:00
0.022,Carrot Creek,Ozone,2025-12-06T06:00:00-07:00
8.8,Carrot Creek,Wind Speed,2025-12-06T06:00:00-07:00
0.004,Carrot Creek,Total Oxides of Nitrogen,2025-12-06T06:00:00-07:00
81.0,Carrot Creek,Wind Direction,2025-12-06T06:00:00-07:00
-17.0,Carrot Creek,Outdoor Temperature,2025-12-06T06:00:00-07:00
83.4,Carrot Creek,Relative Humidity,2025-12-06T06:00:00-07:00
0.0,Carrot Creek,Nitric Oxide,2025-12-06T05:00:00-07:00
0.005,Carrot Creek,Nitrogen Dioxide,2025-12-06T05:00:00-07:00
0.004,Carrot Creek,Total Oxides of Nitrogen,2025-12-06T05:00:00-07:00
82.0,Carrot Creek,Wind Direction,2025-12-06T05:00:00-07:00
8.3,Carrot Creek,Wind Speed,2025-12-06T05:00:00-07:00
-17.2,Carrot Creek,Outdoor Temperature,2025-12-06T05:00:00-07:00
0.022,Carrot Creek,Ozone,2025-12-06T05:00:00-07:00
0.0,Carrot Creek,Sulphur Dioxide,2025-12-06T05:00:00-07:00
83.2,Carrot Creek,Relative Humidity,2025-12-06T05:00:00-07:00
,Carrot Creek,Nitrogen Dioxide,2025-12-06T04:00:00-07:00
,Carrot Creek,Sulphur Dioxide,2025-12-06T04:00:00-07:00
,Carrot Creek,Ozone,2025-12-06T04:00:00-07:00
,Carrot Creek,Nitric Oxide,2025-12-06T04:00:00-07:00
,Carrot Creek,Total Oxides of Nitrogen,2025-12-06T04:00:00-07:00
85.0,Carrot Creek,Wind Direction,2025-12-06T04:00:00-07:00
10.3,Carrot Creek,Wind Speed,2025-12-06T04:00:00-07:00
-16.8,Carrot Creek,Outdoor Temperature,2025-12-06T04:00:00-07:00
82.8,Carrot Creek,Relative Humidity,2025-12-06T04:00:00-07:00
0.0,Carrot Creek,Nitric Oxide,2025-12-06T03:00:00-07:00
0.006,Carrot Creek,Total Oxides of Nitrogen,2025-12-06T03:00:00-07:00
83.0,Carrot Creek,Wind Direction,2025-12-06T03:00:00-07:00
0.021,Carrot Creek,Ozone,2025-12-06T03:00:00-07:00
0.0,Carrot Creek,Sulphur Dioxide,2025-12-06T03:00:00-07:00
82.6,Carrot Creek,Relative Humidity,2025-12-06T03:00:00-07:00
10.6,Carrot Creek,Wind Speed,2025-12-06T03:00:00-07:00
-16.5,Carrot Creek,Outdoor Temperature,2025-12-06T03:00:00-07:00
0.006,Carrot Creek,Nitrogen Dioxide,2025-12-06T03:00:00-07:00
82.8,Carrot Creek,Relative Humidity,2025-12-06T02:00:00-07:00
0.022,Carrot Creek,Ozone,2025-12-06T02:00:00-07:00
0.0,Carrot Creek,Sulphur Dioxide,2025-12-06T02:00:00-07:00
75.0,Carrot Creek,Wind Direction,2025-12-06T02:00:00-07:00
10.4,Carrot Creek,Wind Speed,2025-12-06T02:00:00-07:00
-16.3,Carrot Creek,Outdoor Temperature,2025-12-06T02:00:00-07:00
0.006,Carrot Creek,Total Oxides of Nitrogen,2025-12-06T02:00:00-07:00
0.006,Carrot Creek,Nitrogen Dioxide,2025-12-06T02:00:00-07:00
0.0,Carrot Creek,Nitric Oxide,2025-12-06T02:00:00-07:00
83.0,Carrot Creek,Wind Direction,2025-12-06T01:00:00-07:00
-16.0,Carrot Creek,Outdoor Temperature,2025-12-06T01:00:00-07:00
82.8,Carrot Creek,Relative Humidity,2025-12-06T01:00:00-07:00
0.023,Carrot Creek,Ozone,2025-12-06T01:00:00-07:00
0.0,Carrot Creek,Sulphur Dioxide,2025-12-06T01:00:00-07:00
0.006,Carrot Creek,Nitrogen Dioxide,2025-12-06T01:00:00-07:00
0.005,Carrot Creek,Total Oxides of Nitrogen,2025-12-06T01:00:00-07:00
0.0,Carrot Creek,Nitric Oxide,2025-12-06T01:00:00-07:00
11.0,Carrot Creek,Wind Speed,2025-12-06T01:00:00-07:00
83.0,Carrot Creek,Relative Humidity,2025-12-06T00:00:00-07:00
0.005,Carrot Creek,Nitrogen Dioxide,2025-12-06T00:00:00-07:00
0.0,Carrot Creek,Sulphur Dioxide,2025-12-06T00:00:00-07:00
10.4,Carrot Creek,Wind Speed,2025-12-06T00:00:00-07:00
-15.9,Carrot Creek,Outdoor Temperature,2025-12-06T00:00:00-07:00
0.024,Carrot Creek,Ozone,2025-12-06T00:00:00-07:00
0.005,Carrot Creek,Total Oxides of Nitrogen,2025-12-06T00:00:00-07:00
77.0,Carrot Creek,Wind Direction,2025-12-06T00:00:00-07:00
0.0,Carrot Creek,Nitric Oxide,2025-12-06T00:00:00-07:00
0.0,Carrot Creek,Nitric Oxide,2025-12-05T23:00:00-07:00
0.0,Carrot Creek,Sulphur Dioxide,2025-12-05T23:00:00-07:00
0.005,Carrot Creek,Total Oxides of Nitrogen,2025-12-05T23:00:00-07:00
0.023,Carrot Creek,Ozone,2025-12-05T23:00:00-07:00
0.006,Carrot Creek,Nitrogen Dioxide,2025-12-05T23:00:00-07:00
81.0,Carrot Creek,Wind Direction,2025-12-05T23:00:00-07:00
-15.8,Carrot Creek,Outdoor Temperature,2025-12-05T23:00:00-07:00
82.8,Carrot Creek,Relative Humidity,2025-12-05T23:00:00-07:00
11.1,Carrot Creek,Wind Speed,2025-12-05T23:00:00-07:00
0.005,Carrot Creek,Nitrogen Dioxide,2025-12-05T22:00:00-07:00
-15.7,Carrot Creek,Outdoor Temperature,2025-12-05T22:00:00-07:00
0.005,Carrot Creek,Total Oxides of Nitrogen,2025-12-05T22:00:00-07:00
0.0,Carrot Creek,Nitric Oxide,2025-12-05T22:00:00-07:00
11.3,Carrot Creek,Wind Speed,2025-12-05T22:00:00-07:00
0.0,Carrot Creek,Sulphur Dioxide,2025-12-05T22:00:00-07:00
0.023,Carrot Creek,Ozone,2025-12-05T22:00:00-07:00
78.0,Carrot Creek,Wind Direction,2025-12-05T22:00:00-07:00
82.5,Carrot Creek,Relative Humidity,2025-12-05T22:00:00-07:00
83.0,Carrot Creek,Relative Humidity,2025-12-05T21:00:00-07:00
84.0,Carrot Creek,Wind Direction,2025-12-05T21:00:00-07:00
12.0,Carrot Creek,Wind Speed,2025-12-05T21:00:00-07:00
-15.4,Carrot Creek,Outdoor Temperature,2025-12-05T21:00:00-07:00
0.006,Carrot Creek,Nitrogen Dioxide,2025-12-05T21:00:00-07:00
0.0,Carrot Creek,Sulphur Dioxide,2025-12-05T21:00:00-07:00
0.006,Carrot Creek,Total Oxides of Nitrogen,2025-12-05T21:00:00-07:00
0.022,Carrot Creek,Ozone,2025-12-05T21:00:00-07:00
0.0,Carrot Creek,Nitric Oxide,2025-12-05T21:00:00-07:00
83.5,Carrot Creek,Relative Humidity,2025-12-05T20:00:00-07:00
13.0,Carrot Creek,Wind Speed,2025-12-05T20:00:00-07:00
0.006,Carrot Creek,Nitrogen Dioxide,2025-12-05T20:00:00-07:00
0.022,Carrot Creek,Ozone,2025-12-05T20:00:00-07:00
-15.0,Carrot Creek,Outdoor Temperature,2025-12-05T20:00:00-07:00
86.0,Carrot Creek,Wind Direction,2025-12-05T20:00:00-07:00
0.0,Carrot Creek,Nitric Oxide,2025-12-05T20:00:00-07:00
0.006,Carrot Creek,Total Oxides of Nitrogen,2025-12-05T20:00:00-07:00
0.0,Carrot Creek,Sulphur Dioxide,2025-12-05T20:00:00-07:00
0.022,Carrot Creek,Ozone,2025-12-05T19:00:00-07:00
0.006,Carrot Creek,Nitrogen Dioxide,2025-12-05T19:00:00-07:00
-14.6,Carrot Creek,Outdoor Temperature,2025-12-05T19:00:00-07:00
0.005,Carrot Creek,Total Oxides of Nitrogen,2025-12-05T19:00:00-07:00
81.0,Carrot Creek,Wind Direction,2025-12-05T19:00:00-07:00
85.1,Carrot Creek,Relative Humidity,2025-12-05T19:00:00-07:00
0.0,Carrot Creek,Nitric Oxide,2025-12-05T19:00:00-07:00
12.6,Carrot Creek,Wind Speed,2025-12-05T19:00:00-07:00
0.0,Carrot Creek,Sulphur Dioxide,2025-12-05T19:00:00-07:00
0.024,Carrot Creek,Ozone,2025-12-05T18:00:00-07:00
-14.2,Carrot Creek,Outdoor Temperature,2025-12-05T18:00:00-07:00
66.0,Carrot Creek,Wind Direction,2025-12-05T18:00:00-07:00
0.002,Carrot Creek,Total Oxides of Nitrogen,2025-12-05T18:00:00-07:00
85.7,Carrot Creek,Relative Humidity,2025-12-05T18:00:00-07:00
0.0,Carrot Creek,Sulphur Dioxide,2025-12-05T18:00:00-07:00
0.0,Carrot Creek,Nitric Oxide,2025-12-05T18:00:00-07:00
0.002,Carrot Creek,Nitrogen Dioxide,2025-12-05T18:00:00-07:00
13.7,Carrot Creek,Wind Speed,2025-12-05T18:00:00-07:00
-13.8,Carrot Creek,Outdoor Temperature,2025-12-05T17:00:00-07:00
0.025,Carrot Creek,Ozone,2025-12-05T17:00:00-07:00
0.0,Carrot Creek,Sulphur Dioxide,2025-12-05T17:00:00-07:00
85.7,Carrot Creek,Relative Humidity,2025-12-05T17:00:00-07:00
10.5,Carrot Creek,Wind Speed,2025-12-05T17:00:00-07:00
0.001,Carrot Creek,Nitrogen Dioxide,2025-12-05T17:00:00-07:00
0.0,Carrot Creek,Nitric Oxide,2025-12-05T17:00:00-07:00
80.0,Carrot Creek,Wind Direction,2025-12-05T17:00:00-07:00
0.001,Carrot Creek,Total Oxides of Nitrogen,2025-12-05T17:00:00-07:00
-13.8,Carrot Creek,Outdoor Temperature,2025-12-05T16:00:00-07:00
0.026,Carrot Creek,Ozone,2025-12-05T16:00:00-07:00
12.8,Carrot Creek,Wind Speed,2025-12-05T16:00:00-07:00
84.7,Carrot Creek,Relative Humidity,2025-12-05T16:00:00-07:00
0.0,Carrot Creek,Sulphur Dioxide,2025-12-05T16:00:00-07:00
0.001,Carrot Creek,Nitrogen Dioxide,2025-12-05T16:00:00-07:00
0.0,Carrot Creek,Nitric Oxide,2025-12-05T16:00:00-07:00
0.001,Carrot Creek,Total Oxides of Nitrogen,2025-12-05T16:00:00-07:00
76.0,Carrot Creek,Wind Direction,2025-12-05T16:00:00-07:00
-13.6,Carrot Creek,Outdoor Temperature,2025-12-05T15:00:00-07:00
0.026,Carrot Creek,Ozone,2025-12-05T15:00:00-07:00
13.4,Carrot Creek,Wind Speed,2025-12-05T15:00:00-07:00
83.6,Carrot Creek,Relative Humidity,2025-12-05T15:00:00-07:00
0.0,Carrot Creek,Nitric Oxide,2025-12-05T15:00:00-07:00
0.0,Carrot Creek,Sulphur Dioxide,2025-12-05T15:00:00-07:00
0.001,Carrot Creek,Nitrogen Dioxide,2025-12-05T15:00:00-07:00
77.0,Carrot Creek,Wind Direction,2025-12-05T15:00:00-07:00
0.001,Carrot Creek,Total Oxides of Nitrogen,2025-12-05T15:00:00-07:00
