StationName,ParameterName,ReadingDate,Value
Powers,Nitric Oxide,2025-10-20T12:00:00-06:00,
Powers,Outdoor Temperature,2025-10-20T12:00:00-06:00,
Powers,Total Oxides of Nitrogen,2025-10-20T12:00:00-06:00,
Powers,Fine Particulate Matter,2025-10-20T12:00:00-06:00,
Powers,Relative Humidity,2025-10-20T12:00:00-06:00,
Powers,Wind Speed,2025-10-20T12:00:00-06:00,
Powers,Wind Direction,2025-10-20T12:00:00-06:00,
Powers,Sulphur Dioxide,2025-10-20T12:00:00-06:00,
Powers,Nitrogen Dioxide,2025-10-20T12:00:00-06:00,
Powers,Nitric Oxide,2025-10-20T11:00:00-06:00,
Powers,Sulphur Dioxide,2025-10-20T11:00:00-06:00,
Powers,Wind Speed,2025-10-20T11:00:00-06:00,
Powers,Total Oxides of Nitrogen,2025-10-20T11:00:00-06:00,
Powers,Outdoor Temperature,2025-10-20T11:00:00-06:00,
Powers,Fine Particulate Matter,2025-10-20T11:00:00-06:00,
Powers,Wind Direction,2025-10-20T11:00:00-06:00,
Powers,Relative Humidity,2025-10-20T11:00:00-06:00,
Powers,Nitrogen Dioxide,2025-10-20T11:00:00-06:00,
Powers,Nitrogen Dioxide,2025-10-20T10:00:00-06:00,
Powers,Wind Speed,2025-10-20T10:00:00-06:00,
Powers,Outdoor Temperature,2025-10-20T10:00:00-06:00,
Powers,Wind Direction,2025-10-20T10:00:00-06:00,
Powers,Relative Humidity,2025-10-20T10:00:00-06:00,
Powers,Total Oxides of Nitrogen,2025-10-20T10:00:00-06:00,
Powers,Nitric Oxide,2025-10-20T10:00:00-06:00,
Powers,Fine Particulate Matter,2025-10-20T10:00:00-06:00,
Powers,Sulphur Dioxide,2025-10-20T10:00:00-06:00,
Powers,Total Oxides of Nitrogen,2025-10-20T09:00:00-06:00,
Powers,Wind Direction,2025-10-20T09:00:00-06:00,
Powers,Sulphur Dioxide,2025-10-20T09:00:00-06:00,
Powers,Relative Humidity,2025-10-20T09:00:00-06:00,
Powers,Outdoor Temperature,2025-10-20T09:00:00-06:00,
Powers,Nitrogen Dioxide,2025-10-20T09:00:00-06:00,
Powers,Nitric Oxide,2025-10-20T09:00:00-06:00,
Powers,Wind Speed,2025-10-20T09:00:00-06:00,
Powers,Fine Particulate Matter,2025-10-20T09:00:00-06:00,
Powers,Wind Direction,2025-10-20T08:00:00-06:00,
Powers,Nitric Oxide,2025-10-20T08:00:00-06:00,
Powers,Wind Speed,2025-10-20T08:00:00-06:00,
Powers,Outdoor Temperature,2025-10-20T08:00:00-06:00,
Powers,Sulphur Dioxide,2025-10-20T08:00:00-06:00,
Powers,Fine Particulate Matter,2025-10-20T08:00:00-06:00,
Powers,Nitrogen Dioxide,2025-10-20T08:00:00-06:00,
Powers,Total Oxides of Nitrogen,2025-10-20T08:00:00-06:00,
Powers,Relative Humidity,2025-10-20T08:00:00-06:00,
Powers,Outdoor Temperature,2025-10-20T07:00:00-06:00,
Powers,Sulphur Dioxide,2025-10-20T07:00:00-06:00,
Powers,Nitric Oxide,2025-10-20T07:00:00-06:00,
Powers,Total Oxides of Nitrogen,2025-10-20T07:00:00-06:00,
Powers,Wind Speed,2025-10-20T07:00:00-06:00,
Powers,Relative Humidity,2025-10-20T07:00:00-06:00,
Powers,Nitrogen Dioxide,2025-10-20T07:00:00-06:00,
Powers,Fine Particulate Matter,2025-10-20T07:00:00-06:00,
Powers,Wind Direction,2025-10-20T07:00:00-06:00,
Powers,Fine Particulate Matter,2025-10-20T06:00:00-06:00,
Powers,Nitrogen Dioxide,2025-10-20T06:00:00-06:00,
Powers,Total Oxides of Nitrogen,2025-10-20T06:00:00-06:00,
Powers,Wind Speed,2025-10-20T06:00:00-06:00,
Powers,Nitric Oxide,2025-10-20T06:00:00-06:00,
Powers,Sulphur Dioxide,2025-10-20T06:00:00-06:00,
Powers,Outdoor Temperature,2025-10-20T06:00:00-06:00,
Powers,Wind Direction,2025-10-20T06:00:00-06:00,
Powers,Relative Humidity,2025-10-20T06:00:00-06:00,
Powers,Relative Humidity,2025-10-20T05:00:00-06:00,
Powers,Wind Direction,2025-10-20T05:00:00-06:00,
Powers,Fine Particulate Matter,2025-10-20T05:00:00-06:00,
Powers,Nitrogen Dioxide,2025-10-20T05:00:00-06:00,
Powers,Sulphur Dioxide,2025-10-20T05:00:00-06:00,
Powers,Outdoor Temperature,2025-10-20T05:00:00-06:00,
Powers,Nitric Oxide,2025-10-20T05:00:00-06:00,
Powers,Wind Speed,2025-10-20T05:00:00-06:00,
Powers,Total Oxides of Nitrogen,2025-10-20T05:00:00-06:00,
Powers,Nitrogen Dioxide,2025-10-20T04:00:00-06:00,
Powers,Total Oxides of Nitrogen,2025-10-20T04:00:00-06:00,
Powers,Wind Speed,2025-10-20T04:00:00-06:00,
Powers,Sulphur Dioxide,2025-10-20T04:00:00-06:00,
Powers,Nitric Oxide,2025-10-20T04:00:00-06:00,
Powers,Outdoor Temperature,2025-10-20T04:00:00-06:00,
Powers,Fine Particulate Matter,2025-10-20T04:00:00-06:00,
Powers,Relative Humidity,2025-10-20T04:00:00-06:00,
Powers,Wind Direction,2025-10-20T04:00:00-06:00,
Powers,Nitrogen Dioxide,2025-10-20T03:00:00-06:00,
Powers,Nitric Oxide,2025-10-20T03:00:00-06:00,
Powers,Fine Particulate Matter,2025-10-20T03:00:00-06:00,
Powers,Wind Direction,2025-10-20T03:00:00-06:00,
Powers,Outdoor Temperature,2025-10-20T03:00:00-06:00,
Powers,Sulphur Dioxide,2025-10-20T03:00:00-06:00,
Powers,Wind Speed,2025-10-20T03:00:00-06:00,
Powers,Total Oxides of Nitrogen,2025-10-20T03:00:00-06:00,
Powers,Relative Humidity,2025-10-20T03:00:00-06:00,
Powers,Nitrogen Dioxide,2025-10-20T02:00:00-06:00,
Powers,Fine Particulate Matter,2025-10-20T02:00:00-06:00,
Powers,Relative Humidity,2025-10-20T02:00:00-06:00,
Powers,Sulphur Dioxide,2025-10-20T02:00:00-06:00,
Powers,Total Oxides of Nitrogen,2025-10-20T02:00:00-06:00,
Powers,Wind Direction,2025-10-20T02:00:00-06:00,
Powers,Outdoor Temperature,2025-10-20T02:00:00-06:00,
Powers,Nitric Oxide,2025-10-20T02:00:00-06:00,
Powers,Wind Speed,2025-10-20T02:00:00-06:00,
Powers,Relative Humidity,2025-10-20T01:00:00-06:00,
Powers,Wind Speed,2025-10-20T01:00:00-06:00,
Powers,Wind Direction,2025-10-20T01:00:00-06:00,
Powers,Outdoor Temperature,2025-10-20T01:00:00-06:00,
Powers,Total Oxides of Nitrogen,2025-10-20T01:00:00-06:00,
Powers,Sulphur Dioxide,2025-10-20T01:00:00-06:00,
Powers,Nitrogen Dioxide,2025-10-20T01:00:00-06:00,
Powers,Nitric Oxide,2025-10-20T01:00:00-06:00,
Powers,Fine Particulate Matter,2025-10-20T01:00:00-06:00,
Powers,Relative Humidity,2025-10-20T00:00:00-06:00,
Powers,Wind Speed,2025-10-20T00:00:00-06:00,
Powers,Nitric Oxide,2025-10-20T00:00:00-06:00,
Powers,Total Oxides of Nitrogen,2025-10-20T00:00:00-06:00,
Powers,Wind Direction,2025-10-20T00:00:00-06:00,
Powers,Outdoor Temperature,2025-10-20T00:00:00-06:00,
Powers,Sulphur Dioxide,2025-10-20T00:00:00-06:00,
Powers,Fine Particulate Matter,2025-10-20T00:00:00-06:00,
Powers,Nitrogen Dioxide,2025-10-20T00:00:00-06:00,
Powers,Relative Humidity,2025-10-19T23:00:00-06:00,
Powers,Wind Speed,2025-10-19T23:00:00-06:00,
Powers,Fine Particulate Matter,2025-10-19T23:00:00-06:00,
Powers,Wind Direction,2025-10-19T23:00:00-06:00,
Powers,Sulphur Dioxide,2025-10-19T23:00:00-06:00,
Powers,Outdoor Temperature,2025-10-19T23:00:00-06:00,
Powers,Total Oxides of Nitrogen,2025-10-19T23:00:00-06:00,
Powers,Nitrogen Dioxide,2025-10-19T23:00:00-06:00,
Powers,Nitric Oxide,2025-10-19T23:00:00-06:00,
Powers,Relative Humidity,2025-10-19T22:00:00-06:00,
Powers,Wind Speed,2025-10-19T22:00:00-06:00,
Powers,Sulphur Dioxide,2025-10-19T22:00:00-06:00,
Powers,Fine Particulate Matter,2025-10-19T22:00:00-06:00,
Powers,Wind Direction,2025-10-19T22:00:00-06:00,
Powers,Nitrogen Dioxide,2025-10-19T22:00:00-06:00,
Powers,Outdoor Temperature,2025-10-19T22:00:00-06:00,
Powers,Total Oxides of Nitrogen,2025-10-19T22:00:00-06:00,
Powers,Nitric Oxide,2025-10-19T22:00:00-06:00,
Powers,Relative Humidity,2025-10-19T21:00:00-06:00,
Powers,Wind Speed,2025-10-19T21:00:00-06:00,
Powers,Total Oxides of Nitrogen,2025-10-19T21:00:00-06:00,
Powers,Nitric Oxide,2025-10-19T21:00:00-06:00,
Powers,Sulphur Dioxide,2025-10-19T21:00:00-06:00,
Powers,Outdoor Temperature,2025-10-19T21:00:00-06:00,
Powers,Nitrogen Dioxide,2025-10-19T21:00:00-06:00,
Powers,Fine Particulate Matter,2025-10-19T21:00:00-06:00,
Powers,Wind Direction,2025-10-19T21:00:00-06:00,
Powers,Nitric Oxide,2025-10-19T20:00:00-06:00,
Powers,Wind Speed,2025-10-19T20:00:00-06:00,
Powers,Wind Direction,2025-10-19T20:00:00-06:00,
Powers,Sulphur Dioxide,2025-10-19T20:00:00-06:00,
Powers,Total Oxides of Nitrogen,2025-10-19T20:00:00-06:00,
Powers,Outdoor Temperature,2025-10-19T20:00:00-06:00,
Powers,Nitrogen Dioxide,2025-10-19T20:00:00-06:00,
Powers,Relative Humidity,2025-10-19T20:00:00-06:00,
Powers,Fine Particulate Matter,2025-10-19T20:00:00-06:00,
Powers,Wind Direction,2025-10-19T19:00:00-06:00,
Powers,Total Oxides of Nitrogen,2025-10-19T19:00:00-06:00,
Powers,Outdoor Temperature,2025-10-19T19:00:00-06:00,
Powers,Nitric Oxide,2025-10-19T19:00:00-06:00,
Powers,Nitrogen Dioxide,2025-10-19T19:00:00-06:00,
Powers,Sulphur Dioxide,2025-10-19T19:00:00-06:00,
Powers,Fine Particulate Matter,2025-10-19T19:00:00-06:00,
Powers,Wind Speed,2025-10-19T19:00:00-06:00,
Powers,Relative Humidity,2025-10-19T19:00:00-06:00,
Powers,Outdoor Temperature,2025-10-19T18:00:00-06:00,
Powers,Sulphur Dioxide,2025-10-19T18:00:00-06:00,
Powers,Nitrogen Dioxide,2025-10-19T18:00:00-06:00,
Powers,Total Oxides of Nitrogen,2025-10-19T18:00:00-06:00,
Powers,Fine Particulate Matter,2025-10-19T18:00:00-06:00,
Powers,Nitric Oxide,2025-10-19T18:00:00-06:00,
Powers,Wind Direction,2025-10-19T18:00:00-06:00,
Powers,Wind Speed,2025-10-19T18:00:00-06:00,
Powers,Relative Humidity,2025-10-19T18:00:00-06:00,
Powers,Wind Direction,2025-10-19T17:00:00-06:00,
Powers,Nitric Oxide,2025-10-19T17:00:00-06:00,
Powers,Total Oxides of Nitrogen,2025-10-19T17:00:00-06:00,
Powers,Outdoor Temperature,2025-10-19T17:00:00-06:00,
Powers,Fine Particulate Matter,2025-10-19T17:00:00-06:00,
Powers,Sulphur Dioxide,2025-10-19T17:00:00-06:00,
Powers,Nitrogen Dioxide,2025-10-19T17:00:00-06:00,
Powers,Wind Speed,2025-10-19T17:00:00-06:00,
Powers,Relative Humidity,2025-10-19T17:00:00-06:00,
Powers,Wind Speed,2025-10-19T16:00:00-06:00,
Powers,Relative Humidity,2025-10-19T16:00:00-06:00,
Powers,Wind Direction,2025-10-19T16:00:00-06:00,
Powers,Nitrogen Dioxide,2025-10-19T16:00:00-06:00,
Powers,Nitric Oxide,2025-10-19T16:00:00-06:00,
Powers,Total Oxides of Nitrogen,2025-10-19T16:00:00-06:00,
Powers,Outdoor Temperature,2025-10-19T16:00:00-06:00,
Powers,Sulphur Dioxide,2025-10-19T16:00:00-06:00,
Powers,Fine Particulate Matter,2025-10-19T16:00:00-06:00,
Powers,Wind Direction,2025-10-19T15:00:00-06:00,
Powers,Sulphur Dioxide,2025-10-19T15:00:00-06:00,
Powers,Fine Particulate Matter,2025-10-19T15:00:00-06:00,
Powers,Total Oxides of Nitrogen,2025-10-19T15:00:00-06:00,
Powers,Nitrogen Dioxide,2025-10-19T15:00:00-06:00,
Powers,Nitric Oxide,2025-10-19T15:00:00-06:00,
Powers,Outdoor Temperature,2025-10-19T15:00:00-06:00,
Powers,Wind Speed,2025-10-19T15:00:00-06:00,
Powers,Relative Humidity,2025-10-19T15:00:00-06:00,
Powers,Nitrogen Dioxide,2025-10-19T14:00:00-06:00,
Powers,Wind Direction,2025-10-19T14:00:00-06:00,
Powers,Total Oxides of Nitrogen,2025-10-19T14:00:00-06:00,
Powers,Nitric Oxide,2025-10-19T14:00:00-06:00,
Powers,Outdoor Temperature,2025-10-19T14:00:00-06:00,
Powers,Fine Particulate Matter,2025-10-19T14:00:00-06:00,
Powers,Sulphur Dioxide,2025-10-19T14:00:00-06:00,
Powers,Wind Speed,2025-10-19T14:00:00-06:00,
Powers,Relative Humidity,2025-10-19T14:00:00-06:00,
Powers,Total Oxides of Nitrogen,2025-10-19T13:00:00-06:00,
Powers,Wind Speed,2025-10-19T13:00:00-06:00,
Powers,Nitrogen Dioxide,2025-10-19T13:00:00-06:00,
Powers,Nitric Oxide,2025-10-19T13:00:00-06:00,
Powers,Sulphur Dioxide,2025-10-19T13:00:00-06:00,
Powers,Fine Particulate Matter,2025-10-19T13:00:00-06:00,
Powers,Wind Direction,2025-10-19T13:00:00-06:00,
Powers,Outdoor Temperature,2025-10-19T13:00:00-06:00,
Powers,Relative Humidity,2025-10-19T13:00:00-06:00,
Powers,Wind Speed,2025-10-19T12:00:00-06:00,
Powers,Wind Direction,2025-10-19T12:00:00-06:00,
Powers,Sulphur Dioxide,2025-10-19T12:00:00-06:00,
Powers,Nitrogen Dioxide,2025-10-19T12:00:00-06:00,
Powers,Outdoor Temperature,2025-10-19T12:00:00-06:00,
Powers,Relative Humidity,2025-10-19T12:00:00-06:00,
Powers,Nitric Oxide,2025-10-19T12:00:00-06:00,
Powers,Total Oxides of Nitrogen,2025-10-19T12:00:00-06:00,
Powers,Fine Particulate Matter,2025-10-19T12:00:00-06:00,
Powers,Relative Humidity,2025-10-19T11:00:00-06:00,
Powers,Outdoor Temperature,2025-10-19T11:00:00-06:00,
Powers,Nitrogen Dioxide,2025-10-19T11:00:00-06:00,
Powers,Wind Direction,2025-10-19T11:00:00-06:00,
Powers,Total Oxides of Nitrogen,2025-10-19T11:00:00-06:00,
Powers,Nitric Oxide,2025-10-19T11:00:00-06:00,
Powers,Fine Particulate Matter,2025-10-19T11:00:00-06:00,
Powers,Sulphur Dioxide,2025-10-19T11:00:00-06:00,
Powers,Wind Speed,2025-10-19T11:00:00-06:00,
Powers,Relative Humidity,2025-10-19T10:00:00-06:00,
Powers,Wind Direction,2025-10-19T10:00:00-06:00,
Powers,Fine Particulate Matter,2025-10-19T10:00:00-06:00,
Powers,Nitrogen Dioxide,2025-10-19T10:00:00-06:00,
Powers,Sulphur Dioxide,2025-10-19T10:00:00-06:00,
Powers,Total Oxides of Nitrogen,2025-10-19T10:00:00-06:00,
Powers,Nitric Oxide,2025-10-19T10:00:00-06:00,
Powers,Outdoor Temperature,2025-10-19T10:00:00-06:00,
Powers,Wind Speed,2025-10-19T10:00:00-06:00,
Powers,Relative Humidity,2025-10-19T09:00:00-06:00,
Powers,Nitrogen Dioxide,2025-10-19T09:00:00-06:00,
Powers,Wind Speed,2025-10-19T09:00:00-06:00,
Powers,Wind Direction,2025-10-19T09:00:00-06:00,
Powers,Nitric Oxide,2025-10-19T09:00:00-06:00,
Powers,Fine Particulate Matter,2025-10-19T09:00:00-06:00,
Powers,Total Oxides of Nitrogen,2025-10-19T09:00:00-06:00,
Powers,Outdoor Temperature,2025-10-19T09:00:00-06:00,
Powers,Sulphur Dioxide,2025-10-19T09:00:00-06:00,
Powers,Sulphur Dioxide,2025-10-19T08:00:00-06:00,
Powers,Total Oxides of Nitrogen,2025-10-19T08:00:00-06:00,
Powers,Outdoor Temperature,2025-10-19T08:00:00-06:00,
Powers,Wind Direction,2025-10-19T08:00:00-06:00,
Powers,Wind Speed,2025-10-19T08:00:00-06:00,
Powers,Fine Particulate Matter,2025-10-19T08:00:00-06:00,
Powers,Nitrogen Dioxide,2025-10-19T08:00:00-06:00,
Powers,Nitric Oxide,2025-10-19T08:00:00-06:00,
Powers,Relative Humidity,2025-10-19T08:00:00-06:00,
Powers,Wind Speed,2025-10-19T07:00:00-06:00,
Powers,Outdoor Temperature,2025-10-19T07:00:00-06:00,
Powers,Wind Direction,2025-10-19T07:00:00-06:00,
Powers,Sulphur Dioxide,2025-10-19T07:00:00-06:00,
Powers,Relative Humidity,2025-10-19T07:00:00-06:00,
Powers,Nitric Oxide,2025-10-19T07:00:00-06:00,
Powers,Nitrogen Dioxide,2025-10-19T07:00:00-06:00,
Powers,Total Oxides of Nitrogen,2025-10-19T07:00:00-06:00,
Powers,Fine Particulate Matter,2025-10-19T07:00:00-06:00,
Powers,Wind Direction,2025-10-19T06:00:00-06:00,
Powers,Total Oxides of Nitrogen,2025-10-19T06:00:00-06:00,
Powers,Nitric Oxide,2025-10-19T06:00:00-06:00,
Powers,Sulphur Dioxide,2025-10-19T06:00:00-06:00,
Powers,Nitrogen Dioxide,2025-10-19T06:00:00-06:00,
Powers,Fine Particulate Matter,2025-10-19T06:00:00-06:00,
Powers,Outdoor Temperature,2025-10-19T06:00:00-06:00,
Powers,Relative Humidity,2025-10-19T06:00:00-06:00,
Powers,Wind Speed,2025-10-19T06:00:00-06:00,
Powers,Relative Humidity,2025-10-19T05:00:00-06:00,
Powers,Wind Speed,2025-10-19T05:00:00-06:00,
Powers,Fine Particulate Matter,2025-10-19T05:00:00-06:00,
Powers,Sulphur Dioxide,2025-10-19T05:00:00-06:00,
Powers,Wind Direction,2025-10-19T05:00:00-06:00,
Powers,Outdoor Temperature,2025-10-19T05:00:00-06:00,
Powers,Nitrogen Dioxide,2025-10-19T05:00:00-06:00,
Powers,Nitric Oxide,2025-10-19T05:00:00-06:00,
Powers,Total Oxides of Nitrogen,2025-10-19T05:00:00-06:00,
Powers,Relative Humidity,2025-10-19T04:00:00-06:00,
Powers,Wind Speed,2025-10-19T04:00:00-06:00,
Powers,Wind Direction,2025-10-19T04:00:00-06:00,
Powers,Nitrogen Dioxide,2025-10-19T04:00:00-06:00,
Powers,Nitric Oxide,2025-10-19T04:00:00-06:00,
Powers,Outdoor Temperature,2025-10-19T04:00:00-06:00,
Powers,Total Oxides of Nitrogen,2025-10-19T04:00:00-06:00,
Powers,Sulphur Dioxide,2025-10-19T04:00:00-06:00,
Powers,Fine Particulate Matter,2025-10-19T04:00:00-06:00,
Powers,Sulphur Dioxide,2025-10-19T03:00:00-06:00,
Powers,Fine Particulate Matter,2025-10-19T03:00:00-06:00,
Powers,Total Oxides of Nitrogen,2025-10-19T03:00:00-06:00,
Powers,Nitric Oxide,2025-10-19T03:00:00-06:00,
Powers,Outdoor Temperature,2025-10-19T03:00:00-06:00,
Powers,Wind Direction,2025-10-19T03:00:00-06:00,
Powers,Nitrogen Dioxide,2025-10-19T03:00:00-06:00,
Powers,Wind Speed,2025-10-19T03:00:00-06:00,
Powers,Relative Humidity,2025-10-19T03:00:00-06:00,
Powers,Fine Particulate Matter,2025-10-19T02:00:00-06:00,
Powers,Wind Direction,2025-10-19T02:00:00-06:00,
Powers,Outdoor Temperature,2025-10-19T02:00:00-06:00,
Powers,Nitric Oxide,2025-10-19T02:00:00-06:00,
Powers,Nitrogen Dioxide,2025-10-19T02:00:00-06:00,
Powers,Total Oxides of Nitrogen,2025-10-19T02:00:00-06:00,
Powers,Sulphur Dioxide,2025-10-19T02:00:00-06:00,
Powers,Wind Speed,2025-10-19T02:00:00-06:00,
Powers,Relative Humidity,2025-10-19T02:00:00-06:00,
Powers,Fine Particulate Matter,2025-10-19T01:00:00-06:00,
Powers,Nitric Oxide,2025-10-19T01:00:00-06:00,
Powers,Sulphur Dioxide,2025-10-19T01:00:00-06:00,
Powers,Total Oxides of Nitrogen,2025-10-19T01:00:00-06:00,
Powers,Nitrogen Dioxide,2025-10-19T01:00:00-06:00,
Powers,Relative Humidity,2025-10-19T01:00:00-06:00,
Powers,Wind Direction,2025-10-19T01:00:00-06:00,
Powers,Outdoor Temperature,2025-10-19T01:00:00-06:00,
Powers,Wind Speed,2025-10-19T01:00:00-06:00,
Powers,Relative Humidity,2025-10-19T00:00:00-06:00,
Powers,Fine Particulate Matter,2025-10-19T00:00:00-06:00,
Powers,Outdoor Temperature,2025-10-19T00:00:00-06:00,
Powers,Total Oxides of Nitrogen,2025-10-19T00:00:00-06:00,
Powers,Wind Speed,2025-10-19T00:00:00-06:00,
Powers,Sulphur Dioxide,2025-10-19T00:00:00-06:00,
Powers,Nitrogen Dioxide,2025-10-19T00:00:00-06:00,
Powers,Nitric Oxide,2025-10-19T00:00:00-06:00,
Powers,Wind Direction,2025-10-19T00:00:00-06:00,
Powers,Fine Particulate Matter,2025-10-18T23:00:00-06:00,
Powers,Relative Humidity,2025-10-18T23:00:00-06:00,
Powers,Outdoor Temperature,2025-10-18T23:00:00-06:00,
Powers,Total Oxides of Nitrogen,2025-10-18T23:00:00-06:00,
Powers,Wind Direction,2025-10-18T23:00:00-06:00,
Powers,Nitric Oxide,2025-10-18T23:00:00-06:00,
Powers,Nitrogen Dioxide,2025-10-18T23:00:00-06:00,
Powers,Wind Speed,2025-10-18T23:00:00-06:00,
Powers,Sulphur Dioxide,2025-10-18T23:00:00-06:00,
Powers,Fine Particulate Matter,2025-10-18T22:00:00-06:00,
Powers,Relative Humidity,2025-10-18T22:00:00-06:00,
Powers,Outdoor Temperature,2025-10-18T22:00:00-06:00,
Powers,Nitrogen Dioxide,2025-10-18T22:00:00-06:00,
Powers,Nitric Oxide,2025-10-18T22:00:00-06:00,
Powers,Wind Direction,2025-10-18T22:00:00-06:00,
Powers,Total Oxides of Nitrogen,2025-10-18T22:00:00-06:00,
Powers,Sulphur Dioxide,2025-10-18T22:00:00-06:00,
Powers,Wind Speed,2025-10-18T22:00:00-06:00,
Powers,Fine Particulate Matter,2025-10-18T21:00:00-06:00,
Powers,Relative Humidity,2025-10-18T21:00:00-06:00,
Powers,Outdoor Temperature,2025-10-18T21:00:00-06:00,
Powers,Wind Speed,2025-10-18T21:00:00-06:00,
Powers,Wind Direction,2025-10-18T21:00:00-06:00,
Powers,Nitric Oxide,2025-10-18T21:00:00-06:00,
Powers,Sulphur Dioxide,2025-10-18T21:00:00-06:00,
Powers,Nitrogen Dioxide,2025-10-18T21:00:00-06:00,
Powers,Total Oxides of Nitrogen,2025-10-18T21:00:00-06:00,
Powers,Wind Direction,2025-10-18T20:00:00-06:00,
Powers,Total Oxides of Nitrogen,2025-10-18T20:00:00-06:00,
Powers,Wind Speed,2025-10-18T20:00:00-06:00,
Powers,Nitrogen Dioxide,2025-10-18T20:00:00-06:00,
Powers,Sulphur Dioxide,2025-10-18T20:00:00-06:00,
Powers,Nitric Oxide,2025-10-18T20:00:00-06:00,
Powers,Relative Humidity,2025-10-18T20:00:00-06:00,
Powers,Fine Particulate Matter,2025-10-18T20:00:00-06:00,
Powers,Outdoor Temperature,2025-10-18T20:00:00-06:00,
Powers,Relative Humidity,2025-10-18T19:00:00-06:00,
Powers,Fine Particulate Matter,2025-10-18T19:00:00-06:00,
Powers,Outdoor Temperature,2025-10-18T19:00:00-06:00,
Powers,Wind Direction,2025-10-18T19:00:00-06:00,
Powers,Wind Speed,2025-10-18T19:00:00-06:00,
Powers,Nitric Oxide,2025-10-18T19:00:00-06:00,
Powers,Sulphur Dioxide,2025-10-18T19:00:00-06:00,
Powers,Total Oxides of Nitrogen,2025-10-18T19:00:00-06:00,
Powers,Nitrogen Dioxide,2025-10-18T19:00:00-06:00,
Powers,Relative Humidity,2025-10-18T18:00:00-06:00,
Powers,Sulphur Dioxide,2025-10-18T18:00:00-06:00,
Powers,Total Oxides of Nitrogen,2025-10-18T18:00:00-06:00,
Powers,Fine Particulate Matter,2025-10-18T18:00:00-06:00,
Powers,Nitrogen Dioxide,2025-10-18T18:00:00-06:00,
Powers,Wind Direction,2025-10-18T18:00:00-06:00,
Powers,Wind Speed,2025-10-18T18:00:00-06:00,
Powers,Nitric Oxide,2025-10-18T18:00:00-06:00,
Powers,Outdoor Temperature,2025-10-18T18:00:00-06:00,
Powers,Outdoor Temperature,2025-10-18T17:00:00-06:00,
Powers,Fine Particulate Matter,2025-10-18T17:00:00-06:00,
Powers,Sulphur Dioxide,2025-10-18T17:00:00-06:00,
Powers,Total Oxides of Nitrogen,2025-10-18T17:00:00-06:00,
Powers,Nitrogen Dioxide,2025-10-18T17:00:00-06:00,
Powers,Wind Direction,2025-10-18T17:00:00-06:00,
Powers,Nitric Oxide,2025-10-18T17:00:00-06:00,
Powers,Wind Speed,2025-10-18T17:00:00-06:00,
Powers,Relative Humidity,2025-10-18T17:00:00-06:00,
Powers,Fine Particulate Matter,2025-10-18T16:00:00-06:00,
Powers,Outdoor Temperature,2025-10-18T16:00:00-06:00,
Powers,Total Oxides of Nitrogen,2025-10-18T16:00:00-06:00,
Powers,Wind Direction,2025-10-18T16:00:00-06:00,
Powers,Nitric Oxide,2025-10-18T16:00:00-06:00,
Powers,Wind Speed,2025-10-18T16:00:00-06:00,
Powers,Sulphur Dioxide,2025-10-18T16:00:00-06:00,
Powers,Relative Humidity,2025-10-18T16:00:00-06:00,
Powers,Nitrogen Dioxide,2025-10-18T16:00:00-06:00,
Powers,Sulphur Dioxide,2025-10-18T15:00:00-06:00,
Powers,Wind Speed,2025-10-18T15:00:00-06:00,
Powers,Nitrogen Dioxide,2025-10-18T15:00:00-06:00,
Powers,Wind Direction,2025-10-18T15:00:00-06:00,
Powers,Fine Particulate Matter,2025-10-18T15:00:00-06:00,
Powers,Outdoor Temperature,2025-10-18T15:00:00-06:00,
Powers,Nitric Oxide,2025-10-18T15:00:00-06:00,
Powers,Total Oxides of Nitrogen,2025-10-18T15:00:00-06:00,
Powers,Relative Humidity,2025-10-18T15:00:00-06:00,
Powers,Nitrogen Dioxide,2025-10-18T14:00:00-06:00,
Powers,Wind Direction,2025-10-18T14:00:00-06:00,
Powers,Sulphur Dioxide,2025-10-18T14:00:00-06:00,
Powers,Total Oxides of Nitrogen,2025-10-18T14:00:00-06:00,
Powers,Nitric Oxide,2025-10-18T14:00:00-06:00,
Powers,Wind Speed,2025-10-18T14:00:00-06:00,
Powers,Relative Humidity,2025-10-18T14:00:00-06:00,
Powers,Fine Particulate Matter,2025-10-18T14:00:00-06:00,
Powers,Outdoor Temperature,2025-10-18T14:00:00-06:00,
Powers,Fine Particulate Matter,2025-10-18T13:00:00-06:00,
Powers,Wind Speed,2025-10-18T13:00:00-06:00,
Powers,Total Oxides of Nitrogen,2025-10-18T13:00:00-06:00,
Powers,Sulphur Dioxide,2025-10-18T13:00:00-06:00,
Powers,Wind Direction,2025-10-18T13:00:00-06:00,
Powers,Nitrogen Dioxide,2025-10-18T13:00:00-06:00,
Powers,Nitric Oxide,2025-10-18T13:00:00-06:00,
Powers,Outdoor Temperature,2025-10-18T13:00:00-06:00,
Powers,Relative Humidity,2025-10-18T13:00:00-06:00,
Powers,Total Oxides of Nitrogen,2025-10-18T12:00:00-06:00,
Powers,Wind Direction,2025-10-18T12:00:00-06:00,
Powers,Nitric Oxide,2025-10-18T12:00:00-06:00,
Powers,Nitrogen Dioxide,2025-10-18T12:00:00-06:00,
Powers,Sulphur Dioxide,2025-10-18T12:00:00-06:00,
Powers,Wind Speed,2025-10-18T12:00:00-06:00,
Powers,Outdoor Temperature,2025-10-18T12:00:00-06:00,
Powers,Fine Particulate Matter,2025-10-18T12:00:00-06:00,
Powers,Relative Humidity,2025-10-18T12:00:00-06:00,
Powers,Fine Particulate Matter,2025-10-18T11:00:00-06:00,
Powers,Wind Direction,2025-10-18T11:00:00-06:00,
Powers,Wind Speed,2025-10-18T11:00:00-06:00,
Powers,Nitric Oxide,2025-10-18T11:00:00-06:00,
Powers,Sulphur Dioxide,2025-10-18T11:00:00-06:00,
Powers,Nitrogen Dioxide,2025-10-18T11:00:00-06:00,
Powers,Total Oxides of Nitrogen,2025-10-18T11:00:00-06:00,
Powers,Outdoor Temperature,2025-10-18T11:00:00-06:00,
Powers,Relative Humidity,2025-10-18T11:00:00-06:00,
Powers,Fine Particulate Matter,2025-10-18T10:00:00-06:00,
Powers,Nitric Oxide,2025-10-18T10:00:00-06:00,
Powers,Wind Speed,2025-10-18T10:00:00-06:00,
Powers,Wind Direction,2025-10-18T10:00:00-06:00,
Powers,Nitrogen Dioxide,2025-10-18T10:00:00-06:00,
Powers,Total Oxides of Nitrogen,2025-10-18T10:00:00-06:00,
Powers,Sulphur Dioxide,2025-10-18T10:00:00-06:00,
Powers,Outdoor Temperature,2025-10-18T10:00:00-06:00,
Powers,Relative Humidity,2025-10-18T10:00:00-06:00,
Powers,Fine Particulate Matter,2025-10-18T09:00:00-06:00,
Powers,Outdoor Temperature,2025-10-18T09:00:00-06:00,
Powers,Relative Humidity,2025-10-18T09:00:00-06:00,
Powers,Wind Speed,2025-10-18T09:00:00-06:00,
Powers,Sulphur Dioxide,2025-10-18T09:00:00-06:00,
Powers,Nitrogen Dioxide,2025-10-18T09:00:00-06:00,
Powers,Nitric Oxide,2025-10-18T09:00:00-06:00,
Powers,Wind Direction,2025-10-18T09:00:00-06:00,
Powers,Total Oxides of Nitrogen,2025-10-18T09:00:00-06:00,
Powers,Nitric Oxide,2025-10-18T08:00:00-06:00,
Powers,Wind Speed,2025-10-18T08:00:00-06:00,
Powers,Nitrogen Dioxide,2025-10-18T08:00:00-06:00,
Powers,Sulphur Dioxide,2025-10-18T08:00:00-06:00,
Powers,Wind Direction,2025-10-18T08:00:00-06:00,
Powers,Total Oxides of Nitrogen,2025-10-18T08:00:00-06:00,
Powers,Relative Humidity,2025-10-18T08:00:00-06:00,
Powers,Outdoor Temperature,2025-10-18T08:00:00-06:00,
Powers,Fine Particulate Matter,2025-10-18T08:00:00-06:00,
Powers,Relative Humidity,2025-10-18T07:00:00-06:00,
Powers,Outdoor Temperature,2025-10-18T07:00:00-06:00,
Powers,Nitrogen Dioxide,2025-10-18T07:00:00-06:00,
Powers,Fine Particulate Matter,2025-10-18T07:00:00-06:00,
Powers,Total Oxides of Nitrogen,2025-10-18T07:00:00-06:00,
Powers,Wind Direction,2025-10-18T07:00:00-06:00,
Powers,Wind Speed,2025-10-18T07:00:00-06:00,
Powers,Nitric Oxide,2025-10-18T07:00:00-06:00,
Powers,Sulphur Dioxide,2025-10-18T07:00:00-06:00,
Powers,Outdoor Temperature,2025-10-18T06:00:00-06:00,
Powers,Relative Humidity,2025-10-18T06:00:00-06:00,
Powers,Fine Particulate Matter,2025-10-18T06:00:00-06:00,
Powers,Nitric Oxide,2025-10-18T06:00:00-06:00,
Powers,Wind Speed,2025-10-18T06:00:00-06:00,
Powers,Sulphur Dioxide,2025-10-18T06:00:00-06:00,
Powers,Total Oxides of Nitrogen,2025-10-18T06:00:00-06:00,
Powers,Nitrogen Dioxide,2025-10-18T06:00:00-06:00,
Powers,Wind Direction,2025-10-18T06:00:00-06:00,
Powers,Outdoor Temperature,2025-10-18T05:00:00-06:00,
Powers,Fine Particulate Matter,2025-10-18T05:00:00-06:00,
Powers,Relative Humidity,2025-10-18T05:00:00-06:00,
Powers,Nitric Oxide,2025-10-18T05:00:00-06:00,
Powers,Total Oxides of Nitrogen,2025-10-18T05:00:00-06:00,
Powers,Nitrogen Dioxide,2025-10-18T05:00:00-06:00,
Powers,Sulphur Dioxide,2025-10-18T05:00:00-06:00,
Powers,Wind Speed,2025-10-18T05:00:00-06:00,
Powers,Wind Direction,2025-10-18T05:00:00-06:00,
Powers,Outdoor Temperature,2025-10-18T04:00:00-06:00,
Powers,Fine Particulate Matter,2025-10-18T04:00:00-06:00,
Powers,Relative Humidity,2025-10-18T04:00:00-06:00,
Powers,Wind Speed,2025-10-18T04:00:00-06:00,
Powers,Sulphur Dioxide,2025-10-18T04:00:00-06:00,
Powers,Nitrogen Dioxide,2025-10-18T04:00:00-06:00,
Powers,Total Oxides of Nitrogen,2025-10-18T04:00:00-06:00,
Powers,Wind Direction,2025-10-18T04:00:00-06:00,
Powers,Nitric Oxide,2025-10-18T04:00:00-06:00,
Powers,Wind Direction,2025-10-18T03:00:00-06:00,
Powers,Total Oxides of Nitrogen,2025-10-18T03:00:00-06:00,
Powers,Nitrogen Dioxide,2025-10-18T03:00:00-06:00,
Powers,Nitric Oxide,2025-10-18T03:00:00-06:00,
Powers,Wind Speed,2025-10-18T03:00:00-06:00,
Powers,Sulphur Dioxide,2025-10-18T03:00:00-06:00,
Powers,Relative Humidity,2025-10-18T03:00:00-06:00,
Powers,Fine Particulate Matter,2025-10-18T03:00:00-06:00,
Powers,Outdoor Temperature,2025-10-18T03:00:00-06:00,
Powers,Total Oxides of Nitrogen,2025-10-18T02:00:00-06:00,
Powers,Sulphur Dioxide,2025-10-18T02:00:00-06:00,
Powers,Wind Speed,2025-10-18T02:00:00-06:00,
Powers,Nitrogen Dioxide,2025-10-18T02:00:00-06:00,
Powers,Nitric Oxide,2025-10-18T02:00:00-06:00,
Powers,Wind Direction,2025-10-18T02:00:00-06:00,
Powers,Relative Humidity,2025-10-18T02:00:00-06:00,
Powers,Fine Particulate Matter,2025-10-18T02:00:00-06:00,
Powers,Outdoor Temperature,2025-10-18T02:00:00-06:00,
Powers,Fine Particulate Matter,2025-10-18T01:00:00-06:00,
Powers,Wind Direction,2025-10-18T01:00:00-06:00,
Powers,Wind Speed,2025-10-18T01:00:00-06:00,
Powers,Outdoor Temperature,2025-10-18T01:00:00-06:00,
Powers,Sulphur Dioxide,2025-10-18T01:00:00-06:00,
Powers,Total Oxides of Nitrogen,2025-10-18T01:00:00-06:00,
Powers,Nitric Oxide,2025-10-18T01:00:00-06:00,
Powers,Nitrogen Dioxide,2025-10-18T01:00:00-06:00,
Powers,Relative Humidity,2025-10-18T01:00:00-06:00,
Powers,Outdoor Temperature,2025-10-18T00:00:00-06:00,
Powers,Relative Humidity,2025-10-18T00:00:00-06:00,
Powers,Fine Particulate Matter,2025-10-18T00:00:00-06:00,
Powers,Nitrogen Dioxide,2025-10-18T00:00:00-06:00,
Powers,Sulphur Dioxide,2025-10-18T00:00:00-06:00,
Powers,Total Oxides of Nitrogen,2025-10-18T00:00:00-06:00,
Powers,Wind Speed,2025-10-18T00:00:00-06:00,
Powers,Nitric Oxide,2025-10-18T00:00:00-06:00,
Powers,Wind Direction,2025-10-18T00:00:00-06:00,
Powers,Fine Particulate Matter,2025-10-17T23:00:00-06:00,
Powers,Nitrogen Dioxide,2025-10-17T23:00:00-06:00,
Powers,Nitric Oxide,2025-10-17T23:00:00-06:00,
Powers,Sulphur Dioxide,2025-10-17T23:00:00-06:00,
Powers,Outdoor Temperature,2025-10-17T23:00:00-06:00,
Powers,Relative Humidity,2025-10-17T23:00:00-06:00,
Powers,Wind Direction,2025-10-17T23:00:00-06:00,
Powers,Wind Speed,2025-10-17T23:00:00-06:00,
Powers,Total Oxides of Nitrogen,2025-10-17T23:00:00-06:00,
Powers,Fine Particulate Matter,2025-10-17T22:00:00-06:00,
Powers,Wind Direction,2025-10-17T22:00:00-06:00,
Powers,Outdoor Temperature,2025-10-17T22:00:00-06:00,
Powers,Total Oxides of Nitrogen,2025-10-17T22:00:00-06:00,
Powers,Relative Humidity,2025-10-17T22:00:00-06:00,
Powers,Nitrogen Dioxide,2025-10-17T22:00:00-06:00,
Powers,Sulphur Dioxide,2025-10-17T22:00:00-06:00,
Powers,Nitric Oxide,2025-10-17T22:00:00-06:00,
Powers,Wind Speed,2025-10-17T22:00:00-06:00,
Powers,Wind Direction,2025-10-17T21:00:00-06:00,
Powers,Outdoor Temperature,2025-10-17T21:00:00-06:00,
Powers,Sulphur Dioxide,2025-10-17T21:00:00-06:00,
Powers,Nitrogen Dioxide,2025-10-17T21:00:00-06:00,
Powers,Relative Humidity,2025-10-17T21:00:00-06:00,
Powers,Wind Speed,2025-10-17T21:00:00-06:00,
Powers,Total Oxides of Nitrogen,2025-10-17T21:00:00-06:00,
Powers,Nitric Oxide,2025-10-17T21:00:00-06:00,
Powers,Fine Particulate Matter,2025-10-17T21:00:00-06:00,
Powers,Sulphur Dioxide,2025-10-17T20:00:00-06:00,
Powers,Total Oxides of Nitrogen,2025-10-17T20:00:00-06:00,
Powers,Nitric Oxide,2025-10-17T20:00:00-06:00,
Powers,Nitrogen Dioxide,2025-10-17T20:00:00-06:00,
Powers,Outdoor Temperature,2025-10-17T20:00:00-06:00,
Powers,Wind Speed,2025-10-17T20:00:00-06:00,
Powers,Relative Humidity,2025-10-17T20:00:00-06:00,
Powers,Wind Direction,2025-10-17T20:00:00-06:00,
Powers,Fine Particulate Matter,2025-10-17T20:00:00-06:00,
Powers,Fine Particulate Matter,2025-10-17T19:00:00-06:00,
Powers,Sulphur Dioxide,2025-10-17T19:00:00-06:00,
Powers,Nitrogen Dioxide,2025-10-17T19:00:00-06:00,
Powers,Total Oxides of Nitrogen,2025-10-17T19:00:00-06:00,
Powers,Wind Direction,2025-10-17T19:00:00-06:00,
Powers,Relative Humidity,2025-10-17T19:00:00-06:00,
Powers,Nitric Oxide,2025-10-17T19:00:00-06:00,
Powers,Wind Speed,2025-10-17T19:00:00-06:00,
Powers,Outdoor Temperature,2025-10-17T19:00:00-06:00,
Powers,Total Oxides of Nitrogen,2025-10-17T18:00:00-06:00,
Powers,Nitric Oxide,2025-10-17T18:00:00-06:00,
Powers,Outdoor Temperature,2025-10-17T18:00:00-06:00,
Powers,Sulphur Dioxide,2025-10-17T18:00:00-06:00,
Powers,Relative Humidity,2025-10-17T18:00:00-06:00,
Powers,Nitrogen Dioxide,2025-10-17T18:00:00-06:00,
Powers,Wind Direction,2025-10-17T18:00:00-06:00,
Powers,Wind Speed,2025-10-17T18:00:00-06:00,
Powers,Fine Particulate Matter,2025-10-17T18:00:00-06:00,
Powers,Fine Particulate Matter,2025-10-17T17:00:00-06:00,
Powers,Relative Humidity,2025-10-17T17:00:00-06:00,
Powers,Wind Speed,2025-10-17T17:00:00-06:00,
Powers,Nitric Oxide,2025-10-17T17:00:00-06:00,
Powers,Total Oxides of Nitrogen,2025-10-17T17:00:00-06:00,
Powers,Outdoor Temperature,2025-10-17T17:00:00-06:00,
Powers,Wind Direction,2025-10-17T17:00:00-06:00,
Powers,Nitrogen Dioxide,2025-10-17T17:00:00-06:00,
Powers,Sulphur Dioxide,2025-10-17T17:00:00-06:00,
Powers,Fine Particulate Matter,2025-10-17T16:00:00-06:00,
Powers,Nitric Oxide,2025-10-17T16:00:00-06:00,
Powers,Total Oxides of Nitrogen,2025-10-17T16:00:00-06:00,
Powers,Wind Speed,2025-10-17T16:00:00-06:00,
Powers,Outdoor Temperature,2025-10-17T16:00:00-06:00,
Powers,Nitrogen Dioxide,2025-10-17T16:00:00-06:00,
Powers,Sulphur Dioxide,2025-10-17T16:00:00-06:00,
Powers,Wind Direction,2025-10-17T16:00:00-06:00,
Powers,Relative Humidity,2025-10-17T16:00:00-06:00,
Powers,Outdoor Temperature,2025-10-17T15:00:00-06:00,
Powers,Wind Direction,2025-10-17T15:00:00-06:00,
Powers,Nitrogen Dioxide,2025-10-17T15:00:00-06:00,
Powers,Total Oxides of Nitrogen,2025-10-17T15:00:00-06:00,
Powers,Nitric Oxide,2025-10-17T15:00:00-06:00,
Powers,Relative Humidity,2025-10-17T15:00:00-06:00,
Powers,Sulphur Dioxide,2025-10-17T15:00:00-06:00,
Powers,Wind Speed,2025-10-17T15:00:00-06:00,
Powers,Fine Particulate Matter,2025-10-17T15:00:00-06:00,
Powers,Nitric Oxide,2025-10-17T14:00:00-06:00,
Powers,Wind Speed,2025-10-17T14:00:00-06:00,
Powers,Outdoor Temperature,2025-10-17T14:00:00-06:00,
Powers,Total Oxides of Nitrogen,2025-10-17T14:00:00-06:00,
Powers,Wind Direction,2025-10-17T14:00:00-06:00,
Powers,Nitrogen Dioxide,2025-10-17T14:00:00-06:00,
Powers,Sulphur Dioxide,2025-10-17T14:00:00-06:00,
Powers,Relative Humidity,2025-10-17T14:00:00-06:00,
Powers,Fine Particulate Matter,2025-10-17T14:00:00-06:00,
Powers,Fine Particulate Matter,2025-10-17T13:00:00-06:00,
Powers,Outdoor Temperature,2025-10-17T13:00:00-06:00,
Powers,Total Oxides of Nitrogen,2025-10-17T13:00:00-06:00,
Powers,Nitric Oxide,2025-10-17T13:00:00-06:00,
Powers,Relative Humidity,2025-10-17T13:00:00-06:00,
Powers,Wind Direction,2025-10-17T13:00:00-06:00,
Powers,Sulphur Dioxide,2025-10-17T13:00:00-06:00,
Powers,Wind Speed,2025-10-17T13:00:00-06:00,
Powers,Nitrogen Dioxide,2025-10-17T13:00:00-06:00,
Powers,Fine Particulate Matter,2025-10-17T12:00:00-06:00,
Powers,Relative Humidity,2025-10-17T12:00:00-06:00,
Powers,Wind Direction,2025-10-17T12:00:00-06:00,
Powers,Nitrogen Dioxide,2025-10-17T12:00:00-06:00,
Powers,Wind Speed,2025-10-17T12:00:00-06:00,
Powers,Outdoor Temperature,2025-10-17T12:00:00-06:00,
Powers,Nitric Oxide,2025-10-17T12:00:00-06:00,
Powers,Total Oxides of Nitrogen,2025-10-17T12:00:00-06:00,
Powers,Sulphur Dioxide,2025-10-17T12:00:00-06:00,
Powers,Wind Speed,2025-10-17T11:00:00-06:00,
Powers,Nitric Oxide,2025-10-17T11:00:00-06:00,
Powers,Nitrogen Dioxide,2025-10-17T11:00:00-06:00,
Powers,Relative Humidity,2025-10-17T11:00:00-06:00,
Powers,Outdoor Temperature,2025-10-17T11:00:00-06:00,
Powers,Sulphur Dioxide,2025-10-17T11:00:00-06:00,
Powers,Wind Direction,2025-10-17T11:00:00-06:00,
Powers,Total Oxides of Nitrogen,2025-10-17T11:00:00-06:00,
Powers,Fine Particulate Matter,2025-10-17T11:00:00-06:00,
Powers,Fine Particulate Matter,2025-10-17T10:00:00-06:00,
Powers,Total Oxides of Nitrogen,2025-10-17T10:00:00-06:00,
Powers,Relative Humidity,2025-10-17T10:00:00-06:00,
Powers,Wind Speed,2025-10-17T10:00:00-06:00,
Powers,Nitrogen Dioxide,2025-10-17T10:00:00-06:00,
Powers,Sulphur Dioxide,2025-10-17T10:00:00-06:00,
Powers,Wind Direction,2025-10-17T10:00:00-06:00,
Powers,Nitric Oxide,2025-10-17T10:00:00-06:00,
Powers,Outdoor Temperature,2025-10-17T10:00:00-06:00,
Powers,Wind Speed,2025-10-17T09:00:00-06:00,
Powers,Sulphur Dioxide,2025-10-17T09:00:00-06:00,
Powers,Nitric Oxide,2025-10-17T09:00:00-06:00,
Powers,Wind Direction,2025-10-17T09:00:00-06:00,
Powers,Nitrogen Dioxide,2025-10-17T09:00:00-06:00,
Powers,Total Oxides of Nitrogen,2025-10-17T09:00:00-06:00,
Powers,Outdoor Temperature,2025-10-17T09:00:00-06:00,
Powers,Relative Humidity,2025-10-17T09:00:00-06:00,
Powers,Fine Particulate Matter,2025-10-17T09:00:00-06:00,
Powers,Total Oxides of Nitrogen,2025-10-17T08:00:00-06:00,
Powers,Sulphur Dioxide,2025-10-17T08:00:00-06:00,
Powers,Relative Humidity,2025-10-17T08:00:00-06:00,
Powers,Wind Speed,2025-10-17T08:00:00-06:00,
Powers,Wind Direction,2025-10-17T08:00:00-06:00,
Powers,Nitric Oxide,2025-10-17T08:00:00-06:00,
Powers,Nitrogen Dioxide,2025-10-17T08:00:00-06:00,
Powers,Outdoor Temperature,2025-10-17T08:00:00-06:00,
Powers,Fine Particulate Matter,2025-10-17T08:00:00-06:00,
Powers,Fine Particulate Matter,2025-10-17T07:00:00-06:00,
Powers,Relative Humidity,2025-10-17T07:00:00-06:00,
Powers,Wind Direction,2025-10-17T07:00:00-06:00,
Powers,Nitric Oxide,2025-10-17T07:00:00-06:00,
Powers,Wind Speed,2025-10-17T07:00:00-06:00,
Powers,Sulphur Dioxide,2025-10-17T07:00:00-06:00,
Powers,Total Oxides of Nitrogen,2025-10-17T07:00:00-06:00,
Powers,Outdoor Temperature,2025-10-17T07:00:00-06:00,
Powers,Nitrogen Dioxide,2025-10-17T07:00:00-06:00,
Powers,Relative Humidity,2025-10-17T06:00:00-06:00,
Powers,Wind Speed,2025-10-17T06:00:00-06:00,
Powers,Nitrogen Dioxide,2025-10-17T06:00:00-06:00,
Powers,Outdoor Temperature,2025-10-17T06:00:00-06:00,
Powers,Sulphur Dioxide,2025-10-17T06:00:00-06:00,
Powers,Wind Direction,2025-10-17T06:00:00-06:00,
Powers,Total Oxides of Nitrogen,2025-10-17T06:00:00-06:00,
Powers,Nitric Oxide,2025-10-17T06:00:00-06:00,
Powers,Fine Particulate Matter,2025-10-17T06:00:00-06:00,
Powers,Nitric Oxide,2025-10-17T05:00:00-06:00,
Powers,Wind Direction,2025-10-17T05:00:00-06:00,
Powers,Sulphur Dioxide,2025-10-17T05:00:00-06:00,
Powers,Wind Speed,2025-10-17T05:00:00-06:00,
Powers,Nitrogen Dioxide,2025-10-17T05:00:00-06:00,
Powers,Outdoor Temperature,2025-10-17T05:00:00-06:00,
Powers,Relative Humidity,2025-10-17T05:00:00-06:00,
Powers,Total Oxides of Nitrogen,2025-10-17T05:00:00-06:00,
Powers,Fine Particulate Matter,2025-10-17T05:00:00-06:00,
Powers,Fine Particulate Matter,2025-10-17T04:00:00-06:00,
Powers,Wind Direction,2025-10-17T04:00:00-06:00,
Powers,Relative Humidity,2025-10-17T04:00:00-06:00,
Powers,Nitrogen Dioxide,2025-10-17T04:00:00-06:00,
Powers,Nitric Oxide,2025-10-17T04:00:00-06:00,
Powers,Total Oxides of Nitrogen,2025-10-17T04:00:00-06:00,
Powers,Outdoor Temperature,2025-10-17T04:00:00-06:00,
Powers,Sulphur Dioxide,2025-10-17T04:00:00-06:00,
Powers,Wind Speed,2025-10-17T04:00:00-06:00,
Powers,Wind Direction,2025-10-17T03:00:00-06:00,
Powers,Outdoor Temperature,2025-10-17T03:00:00-06:00,
Powers,Relative Humidity,2025-10-17T03:00:00-06:00,
Powers,Sulphur Dioxide,2025-10-17T03:00:00-06:00,
Powers,Total Oxides of Nitrogen,2025-10-17T03:00:00-06:00,
Powers,Fine Particulate Matter,2025-10-17T03:00:00-06:00,
Powers,Nitrogen Dioxide,2025-10-17T03:00:00-06:00,
Powers,Nitric Oxide,2025-10-17T03:00:00-06:00,
Powers,Wind Speed,2025-10-17T03:00:00-06:00,
Powers,Total Oxides of Nitrogen,2025-10-17T02:00:00-06:00,
Powers,Wind Direction,2025-10-17T02:00:00-06:00,
Powers,Fine Particulate Matter,2025-10-17T02:00:00-06:00,
Powers,Wind Speed,2025-10-17T02:00:00-06:00,
Powers,Relative Humidity,2025-10-17T02:00:00-06:00,
Powers,Outdoor Temperature,2025-10-17T02:00:00-06:00,
Powers,Sulphur Dioxide,2025-10-17T02:00:00-06:00,
Powers,Nitrogen Dioxide,2025-10-17T02:00:00-06:00,
Powers,Nitric Oxide,2025-10-17T02:00:00-06:00,
Powers,Relative Humidity,2025-10-17T01:00:00-06:00,
Powers,Sulphur Dioxide,2025-10-17T01:00:00-06:00,
Powers,Fine Particulate Matter,2025-10-17T01:00:00-06:00,
Powers,Wind Speed,2025-10-17T01:00:00-06:00,
Powers,Wind Direction,2025-10-17T01:00:00-06:00,
Powers,Total Oxides of Nitrogen,2025-10-17T01:00:00-06:00,
Powers,Nitric Oxide,2025-10-17T01:00:00-06:00,
Powers,Nitrogen Dioxide,2025-10-17T01:00:00-06:00,
Powers,Outdoor Temperature,2025-10-17T01:00:00-06:00,
Powers,Sulphur Dioxide,2025-10-17T00:00:00-06:00,
Powers,Fine Particulate Matter,2025-10-17T00:00:00-06:00,
Powers,Wind Speed,2025-10-17T00:00:00-06:00,
Powers,Wind Direction,2025-10-17T00:00:00-06:00,
Powers,Nitrogen Dioxide,2025-10-17T00:00:00-06:00,
Powers,Total Oxides of Nitrogen,2025-10-17T00:00:00-06:00,
Powers,Nitric Oxide,2025-10-17T00:00:00-06:00,
Powers,Relative Humidity,2025-10-17T00:00:00-06:00,
Powers,Outdoor Temperature,2025-10-17T00:00:00-06:00,
Powers,Sulphur Dioxide,2025-10-16T23:00:00-06:00,
Powers,Total Oxides of Nitrogen,2025-10-16T23:00:00-06:00,
Powers,Wind Speed,2025-10-16T23:00:00-06:00,
Powers,Outdoor Temperature,2025-10-16T23:00:00-06:00,
Powers,Wind Direction,2025-10-16T23:00:00-06:00,
Powers,Nitric Oxide,2025-10-16T23:00:00-06:00,
Powers,Relative Humidity,2025-10-16T23:00:00-06:00,
Powers,Nitrogen Dioxide,2025-10-16T23:00:00-06:00,
Powers,Fine Particulate Matter,2025-10-16T23:00:00-06:00,
Powers,Wind Speed,2025-10-16T22:00:00-06:00,
Powers,Nitric Oxide,2025-10-16T22:00:00-06:00,
Powers,Fine Particulate Matter,2025-10-16T22:00:00-06:00,
Powers,Total Oxides of Nitrogen,2025-10-16T22:00:00-06:00,
Powers,Wind Direction,2025-10-16T22:00:00-06:00,
Powers,Sulphur Dioxide,2025-10-16T22:00:00-06:00,
Powers,Nitrogen Dioxide,2025-10-16T22:00:00-06:00,
Powers,Outdoor Temperature,2025-10-16T22:00:00-06:00,
Powers,Relative Humidity,2025-10-16T22:00:00-06:00,
Powers,Total Oxides of Nitrogen,2025-10-16T21:00:00-06:00,
Powers,Wind Direction,2025-10-16T21:00:00-06:00,
Powers,Sulphur Dioxide,2025-10-16T21:00:00-06:00,
Powers,Wind Speed,2025-10-16T21:00:00-06:00,
Powers,Fine Particulate Matter,2025-10-16T21:00:00-06:00,
Powers,Nitric Oxide,2025-10-16T21:00:00-06:00,
Powers,Outdoor Temperature,2025-10-16T21:00:00-06:00,
Powers,Relative Humidity,2025-10-16T21:00:00-06:00,
Powers,Nitrogen Dioxide,2025-10-16T21:00:00-06:00,
Powers,Wind Speed,2025-10-16T20:00:00-06:00,
Powers,Wind Direction,2025-10-16T20:00:00-06:00,
Powers,Sulphur Dioxide,2025-10-16T20:00:00-06:00,
Powers,Total Oxides of Nitrogen,2025-10-16T20:00:00-06:00,
Powers,Nitric Oxide,2025-10-16T20:00:00-06:00,
Powers,Outdoor Temperature,2025-10-16T20:00:00-06:00,
Powers,Nitrogen Dioxide,2025-10-16T20:00:00-06:00,
Powers,Relative Humidity,2025-10-16T20:00:00-06:00,
Powers,Fine Particulate Matter,2025-10-16T20:00:00-06:00,
Powers,Relative Humidity,2025-10-16T19:00:00-06:00,
Powers,Nitrogen Dioxide,2025-10-16T19:00:00-06:00,
Powers,Nitric Oxide,2025-10-16T19:00:00-06:00,
Powers,Sulphur Dioxide,2025-10-16T19:00:00-06:00,
Powers,Total Oxides of Nitrogen,2025-10-16T19:00:00-06:00,
Powers,Wind Speed,2025-10-16T19:00:00-06:00,
Powers,Outdoor Temperature,2025-10-16T19:00:00-06:00,
Powers,Fine Particulate Matter,2025-10-16T19:00:00-06:00,
Powers,Wind Direction,2025-10-16T19:00:00-06:00,
Powers,Total Oxides of Nitrogen,2025-10-16T18:00:00-06:00,
Powers,Fine Particulate Matter,2025-10-16T18:00:00-06:00,
Powers,Sulphur Dioxide,2025-10-16T18:00:00-06:00,
Powers,Wind Direction,2025-10-16T18:00:00-06:00,
Powers,Wind Speed,2025-10-16T18:00:00-06:00,
Powers,Relative Humidity,2025-10-16T18:00:00-06:00,
Powers,Nitric Oxide,2025-10-16T18:00:00-06:00,
Powers,Nitrogen Dioxide,2025-10-16T18:00:00-06:00,
Powers,Outdoor Temperature,2025-10-16T18:00:00-06:00,
Powers,Nitric Oxide,2025-10-16T17:00:00-06:00,
Powers,Sulphur Dioxide,2025-10-16T17:00:00-06:00,
Powers,Wind Speed,2025-10-16T17:00:00-06:00,
Powers,Outdoor Temperature,2025-10-16T17:00:00-06:00,
Powers,Wind Direction,2025-10-16T17:00:00-06:00,
Powers,Total Oxides of Nitrogen,2025-10-16T17:00:00-06:00,
Powers,Nitrogen Dioxide,2025-10-16T17:00:00-06:00,
Powers,Relative Humidity,2025-10-16T17:00:00-06:00,
Powers,Fine Particulate Matter,2025-10-16T17:00:00-06:00,
Powers,Fine Particulate Matter,2025-10-16T16:00:00-06:00,
Powers,Relative Humidity,2025-10-16T16:00:00-06:00,
Powers,Nitric Oxide,2025-10-16T16:00:00-06:00,
Powers,Total Oxides of Nitrogen,2025-10-16T16:00:00-06:00,
Powers,Wind Direction,2025-10-16T16:00:00-06:00,
Powers,Nitrogen Dioxide,2025-10-16T16:00:00-06:00,
Powers,Wind Speed,2025-10-16T16:00:00-06:00,
Powers,Outdoor Temperature,2025-10-16T16:00:00-06:00,
Powers,Sulphur Dioxide,2025-10-16T16:00:00-06:00,
Powers,Nitric Oxide,2025-10-16T15:00:00-06:00,
Powers,Fine Particulate Matter,2025-10-16T15:00:00-06:00,
Powers,Sulphur Dioxide,2025-10-16T15:00:00-06:00,
Powers,Wind Direction,2025-10-16T15:00:00-06:00,
Powers,Wind Speed,2025-10-16T15:00:00-06:00,
Powers,Outdoor Temperature,2025-10-16T15:00:00-06:00,
Powers,Relative Humidity,2025-10-16T15:00:00-06:00,
Powers,Nitrogen Dioxide,2025-10-16T15:00:00-06:00,
Powers,Total Oxides of Nitrogen,2025-10-16T15:00:00-06:00,
Powers,Fine Particulate Matter,2025-10-16T14:00:00-06:00,
Powers,Total Oxides of Nitrogen,2025-10-16T14:00:00-06:00,
Powers,Nitrogen Dioxide,2025-10-16T14:00:00-06:00,
Powers,Wind Direction,2025-10-16T14:00:00-06:00,
Powers,Wind Speed,2025-10-16T14:00:00-06:00,
Powers,Nitric Oxide,2025-10-16T14:00:00-06:00,
Powers,Outdoor Temperature,2025-10-16T14:00:00-06:00,
Powers,Sulphur Dioxide,2025-10-16T14:00:00-06:00,
Powers,Relative Humidity,2025-10-16T14:00:00-06:00,
Powers,Wind Direction,2025-10-16T13:00:00-06:00,
Powers,Nitric Oxide,2025-10-16T13:00:00-06:00,
Powers,Relative Humidity,2025-10-16T13:00:00-06:00,
Powers,Wind Speed,2025-10-16T13:00:00-06:00,
Powers,Fine Particulate Matter,2025-10-16T13:00:00-06:00,
Powers,Total Oxides of Nitrogen,2025-10-16T13:00:00-06:00,
Powers,Sulphur Dioxide,2025-10-16T13:00:00-06:00,
Powers,Outdoor Temperature,2025-10-16T13:00:00-06:00,
Powers,Nitrogen Dioxide,2025-10-16T13:00:00-06:00,
Powers,Wind Speed,2025-10-16T12:00:00-06:00,
Powers,Relative Humidity,2025-10-16T12:00:00-06:00,
Powers,Nitrogen Dioxide,2025-10-16T12:00:00-06:00,
Powers,Wind Direction,2025-10-16T12:00:00-06:00,
Powers,Sulphur Dioxide,2025-10-16T12:00:00-06:00,
Powers,Outdoor Temperature,2025-10-16T12:00:00-06:00,
Powers,Fine Particulate Matter,2025-10-16T12:00:00-06:00,
Powers,Total Oxides of Nitrogen,2025-10-16T12:00:00-06:00,
Powers,Nitric Oxide,2025-10-16T12:00:00-06:00,
Powers,Sulphur Dioxide,2025-10-16T11:00:00-06:00,
Powers,Total Oxides of Nitrogen,2025-10-16T11:00:00-06:00,
Powers,Nitrogen Dioxide,2025-10-16T11:00:00-06:00,
Powers,Fine Particulate Matter,2025-10-16T11:00:00-06:00,
Powers,Wind Speed,2025-10-16T11:00:00-06:00,
Powers,Nitric Oxide,2025-10-16T11:00:00-06:00,
Powers,Outdoor Temperature,2025-10-16T11:00:00-06:00,
Powers,Wind Direction,2025-10-16T11:00:00-06:00,
Powers,Relative Humidity,2025-10-16T11:00:00-06:00,
Powers,Total Oxides of Nitrogen,2025-10-16T10:00:00-06:00,
Powers,Outdoor Temperature,2025-10-16T10:00:00-06:00,
Powers,Nitric Oxide,2025-10-16T10:00:00-06:00,
Powers,Fine Particulate Matter,2025-10-16T10:00:00-06:00,
Powers,Relative Humidity,2025-10-16T10:00:00-06:00,
Powers,Wind Direction,2025-10-16T10:00:00-06:00,
Powers,Sulphur Dioxide,2025-10-16T10:00:00-06:00,
Powers,Wind Speed,2025-10-16T10:00:00-06:00,
Powers,Nitrogen Dioxide,2025-10-16T10:00:00-06:00,
Powers,Outdoor Temperature,2025-10-16T09:00:00-06:00,
Powers,Wind Direction,2025-10-16T09:00:00-06:00,
Powers,Wind Speed,2025-10-16T09:00:00-06:00,
Powers,Relative Humidity,2025-10-16T09:00:00-06:00,
Powers,Total Oxides of Nitrogen,2025-10-16T09:00:00-06:00,
Powers,Fine Particulate Matter,2025-10-16T09:00:00-06:00,
Powers,Nitrogen Dioxide,2025-10-16T09:00:00-06:00,
Powers,Sulphur Dioxide,2025-10-16T09:00:00-06:00,
Powers,Nitric Oxide,2025-10-16T09:00:00-06:00,
Powers,Sulphur Dioxide,2025-10-16T08:00:00-06:00,
Powers,Wind Direction,2025-10-16T08:00:00-06:00,
Powers,Relative Humidity,2025-10-16T08:00:00-06:00,
Powers,Nitric Oxide,2025-10-16T08:00:00-06:00,
Powers,Nitrogen Dioxide,2025-10-16T08:00:00-06:00,
Powers,Wind Speed,2025-10-16T08:00:00-06:00,
Powers,Total Oxides of Nitrogen,2025-10-16T08:00:00-06:00,
Powers,Outdoor Temperature,2025-10-16T08:00:00-06:00,
Powers,Fine Particulate Matter,2025-10-16T08:00:00-06:00,
Powers,Sulphur Dioxide,2025-10-16T07:00:00-06:00,
Powers,Wind Speed,2025-10-16T07:00:00-06:00,
Powers,Wind Direction,2025-10-16T07:00:00-06:00,
Powers,Outdoor Temperature,2025-10-16T07:00:00-06:00,
Powers,Fine Particulate Matter,2025-10-16T07:00:00-06:00,
Powers,Relative Humidity,2025-10-16T07:00:00-06:00,
Powers,Total Oxides of Nitrogen,2025-10-16T07:00:00-06:00,
Powers,Nitric Oxide,2025-10-16T07:00:00-06:00,
Powers,Nitrogen Dioxide,2025-10-16T07:00:00-06:00,
Powers,Wind Speed,2025-10-16T06:00:00-06:00,
Powers,Wind Direction,2025-10-16T06:00:00-06:00,
Powers,Nitric Oxide,2025-10-16T06:00:00-06:00,
Powers,Sulphur Dioxide,2025-10-16T06:00:00-06:00,
Powers,Nitrogen Dioxide,2025-10-16T06:00:00-06:00,
Powers,Outdoor Temperature,2025-10-16T06:00:00-06:00,
Powers,Fine Particulate Matter,2025-10-16T06:00:00-06:00,
Powers,Relative Humidity,2025-10-16T06:00:00-06:00,
Powers,Total Oxides of Nitrogen,2025-10-16T06:00:00-06:00,
Powers,Wind Direction,2025-10-16T05:00:00-06:00,
Powers,Sulphur Dioxide,2025-10-16T05:00:00-06:00,
Powers,Nitrogen Dioxide,2025-10-16T05:00:00-06:00,
Powers,Total Oxides of Nitrogen,2025-10-16T05:00:00-06:00,
Powers,Fine Particulate Matter,2025-10-16T05:00:00-06:00,
Powers,Outdoor Temperature,2025-10-16T05:00:00-06:00,
Powers,Wind Speed,2025-10-16T05:00:00-06:00,
Powers,Nitric Oxide,2025-10-16T05:00:00-06:00,
Powers,Relative Humidity,2025-10-16T05:00:00-06:00,
Powers,Total Oxides of Nitrogen,2025-10-16T04:00:00-06:00,
Powers,Nitric Oxide,2025-10-16T04:00:00-06:00,
Powers,Nitrogen Dioxide,2025-10-16T04:00:00-06:00,
Powers,Wind Direction,2025-10-16T04:00:00-06:00,
Powers,Relative Humidity,2025-10-16T04:00:00-06:00,
Powers,Fine Particulate Matter,2025-10-16T04:00:00-06:00,
Powers,Outdoor Temperature,2025-10-16T04:00:00-06:00,
Powers,Wind Speed,2025-10-16T04:00:00-06:00,
Powers,Sulphur Dioxide,2025-10-16T04:00:00-06:00,
Powers,Nitric Oxide,2025-10-16T03:00:00-06:00,
Powers,Total Oxides of Nitrogen,2025-10-16T03:00:00-06:00,
Powers,Wind Speed,2025-10-16T03:00:00-06:00,
Powers,Fine Particulate Matter,2025-10-16T03:00:00-06:00,
Powers,Sulphur Dioxide,2025-10-16T03:00:00-06:00,
Powers,Wind Direction,2025-10-16T03:00:00-06:00,
Powers,Nitrogen Dioxide,2025-10-16T03:00:00-06:00,
Powers,Relative Humidity,2025-10-16T03:00:00-06:00,
Powers,Outdoor Temperature,2025-10-16T03:00:00-06:00,
Powers,Fine Particulate Matter,2025-10-16T02:00:00-06:00,
Powers,Wind Direction,2025-10-16T02:00:00-06:00,
Powers,Total Oxides of Nitrogen,2025-10-16T02:00:00-06:00,
Powers,Nitrogen Dioxide,2025-10-16T02:00:00-06:00,
Powers,Outdoor Temperature,2025-10-16T02:00:00-06:00,
Powers,Relative Humidity,2025-10-16T02:00:00-06:00,
Powers,Nitric Oxide,2025-10-16T02:00:00-06:00,
Powers,Sulphur Dioxide,2025-10-16T02:00:00-06:00,
Powers,Wind Speed,2025-10-16T02:00:00-06:00,
Powers,Fine Particulate Matter,2025-10-16T01:00:00-06:00,
Powers,Relative Humidity,2025-10-16T01:00:00-06:00,
Powers,Wind Speed,2025-10-16T01:00:00-06:00,
Powers,Outdoor Temperature,2025-10-16T01:00:00-06:00,
Powers,Nitric Oxide,2025-10-16T01:00:00-06:00,
Powers,Total Oxides of Nitrogen,2025-10-16T01:00:00-06:00,
Powers,Sulphur Dioxide,2025-10-16T01:00:00-06:00,
Powers,Nitrogen Dioxide,2025-10-16T01:00:00-06:00,
Powers,Wind Direction,2025-10-16T01:00:00-06:00,
Powers,Sulphur Dioxide,2025-10-16T00:00:00-06:00,
Powers,Nitric Oxide,2025-10-16T00:00:00-06:00,
Powers,Total Oxides of Nitrogen,2025-10-16T00:00:00-06:00,
Powers,Fine Particulate Matter,2025-10-16T00:00:00-06:00,
Powers,Relative Humidity,2025-10-16T00:00:00-06:00,
Powers,Wind Speed,2025-10-16T00:00:00-06:00,
Powers,Outdoor Temperature,2025-10-16T00:00:00-06:00,
Powers,Nitrogen Dioxide,2025-10-16T00:00:00-06:00,
Powers,Wind Direction,2025-10-16T00:00:00-06:00,
Powers,Wind Speed,2025-10-15T23:00:00-06:00,
Powers,Outdoor Temperature,2025-10-15T23:00:00-06:00,
Powers,Nitric Oxide,2025-10-15T23:00:00-06:00,
Powers,Fine Particulate Matter,2025-10-15T23:00:00-06:00,
Powers,Relative Humidity,2025-10-15T23:00:00-06:00,
Powers,Total Oxides of Nitrogen,2025-10-15T23:00:00-06:00,
Powers,Sulphur Dioxide,2025-10-15T23:00:00-06:00,
Powers,Nitrogen Dioxide,2025-10-15T23:00:00-06:00,
Powers,Wind Direction,2025-10-15T23:00:00-06:00,
Powers,Wind Speed,2025-10-15T22:00:00-06:00,
Powers,Outdoor Temperature,2025-10-15T22:00:00-06:00,
Powers,Fine Particulate Matter,2025-10-15T22:00:00-06:00,
Powers,Total Oxides of Nitrogen,2025-10-15T22:00:00-06:00,
Powers,Relative Humidity,2025-10-15T22:00:00-06:00,
Powers,Nitric Oxide,2025-10-15T22:00:00-06:00,
Powers,Sulphur Dioxide,2025-10-15T22:00:00-06:00,
Powers,Nitrogen Dioxide,2025-10-15T22:00:00-06:00,
Powers,Wind Direction,2025-10-15T22:00:00-06:00,
Powers,Wind Speed,2025-10-15T21:00:00-06:00,
Powers,Outdoor Temperature,2025-10-15T21:00:00-06:00,
Powers,Nitric Oxide,2025-10-15T21:00:00-06:00,
Powers,Sulphur Dioxide,2025-10-15T21:00:00-06:00,
Powers,Fine Particulate Matter,2025-10-15T21:00:00-06:00,
Powers,Nitrogen Dioxide,2025-10-15T21:00:00-06:00,
Powers,Relative Humidity,2025-10-15T21:00:00-06:00,
Powers,Total Oxides of Nitrogen,2025-10-15T21:00:00-06:00,
Powers,Wind Direction,2025-10-15T21:00:00-06:00,
Powers,Outdoor Temperature,2025-10-15T20:00:00-06:00,
Powers,Sulphur Dioxide,2025-10-15T20:00:00-06:00,
Powers,Nitrogen Dioxide,2025-10-15T20:00:00-06:00,
Powers,Nitric Oxide,2025-10-15T20:00:00-06:00,
Powers,Relative Humidity,2025-10-15T20:00:00-06:00,
Powers,Wind Direction,2025-10-15T20:00:00-06:00,
Powers,Wind Speed,2025-10-15T20:00:00-06:00,
Powers,Fine Particulate Matter,2025-10-15T20:00:00-06:00,
Powers,Total Oxides of Nitrogen,2025-10-15T20:00:00-06:00,
Powers,Wind Speed,2025-10-15T19:00:00-06:00,
Powers,Outdoor Temperature,2025-10-15T19:00:00-06:00,
Powers,Nitric Oxide,2025-10-15T19:00:00-06:00,
Powers,Sulphur Dioxide,2025-10-15T19:00:00-06:00,
Powers,Nitrogen Dioxide,2025-10-15T19:00:00-06:00,
Powers,Total Oxides of Nitrogen,2025-10-15T19:00:00-06:00,
Powers,Fine Particulate Matter,2025-10-15T19:00:00-06:00,
Powers,Relative Humidity,2025-10-15T19:00:00-06:00,
Powers,Wind Direction,2025-10-15T19:00:00-06:00,
Powers,Wind Speed,2025-10-15T18:00:00-06:00,
Powers,Outdoor Temperature,2025-10-15T18:00:00-06:00,
Powers,Relative Humidity,2025-10-15T18:00:00-06:00,
Powers,Nitrogen Dioxide,2025-10-15T18:00:00-06:00,
Powers,Sulphur Dioxide,2025-10-15T18:00:00-06:00,
Powers,Fine Particulate Matter,2025-10-15T18:00:00-06:00,
Powers,Total Oxides of Nitrogen,2025-10-15T18:00:00-06:00,
Powers,Nitric Oxide,2025-10-15T18:00:00-06:00,
Powers,Wind Direction,2025-10-15T18:00:00-06:00,
Powers,Nitrogen Dioxide,2025-10-15T17:00:00-06:00,
Powers,Wind Direction,2025-10-15T17:00:00-06:00,
Powers,Wind Speed,2025-10-15T17:00:00-06:00,
Powers,Outdoor Temperature,2025-10-15T17:00:00-06:00,
Powers,Fine Particulate Matter,2025-10-15T17:00:00-06:00,
Powers,Relative Humidity,2025-10-15T17:00:00-06:00,
Powers,Sulphur Dioxide,2025-10-15T17:00:00-06:00,
Powers,Total Oxides of Nitrogen,2025-10-15T17:00:00-06:00,
Powers,Nitric Oxide,2025-10-15T17:00:00-06:00,
Powers,Wind Direction,2025-10-15T16:00:00-06:00,
Powers,Wind Speed,2025-10-15T16:00:00-06:00,
Powers,Outdoor Temperature,2025-10-15T16:00:00-06:00,
Powers,Sulphur Dioxide,2025-10-15T16:00:00-06:00,
Powers,Relative Humidity,2025-10-15T16:00:00-06:00,
Powers,Nitrogen Dioxide,2025-10-15T16:00:00-06:00,
Powers,Total Oxides of Nitrogen,2025-10-15T16:00:00-06:00,
Powers,Fine Particulate Matter,2025-10-15T16:00:00-06:00,
Powers,Nitric Oxide,2025-10-15T16:00:00-06:00,
Powers,Wind Speed,2025-10-15T15:00:00-06:00,
Powers,Outdoor Temperature,2025-10-15T15:00:00-06:00,
Powers,Wind Direction,2025-10-15T15:00:00-06:00,
Powers,Total Oxides of Nitrogen,2025-10-15T15:00:00-06:00,
Powers,Relative Humidity,2025-10-15T15:00:00-06:00,
Powers,Sulphur Dioxide,2025-10-15T15:00:00-06:00,
Powers,Nitrogen Dioxide,2025-10-15T15:00:00-06:00,
Powers,Fine Particulate Matter,2025-10-15T15:00:00-06:00,
Powers,Nitric Oxide,2025-10-15T15:00:00-06:00,
Powers,Relative Humidity,2025-10-15T14:00:00-06:00,
Powers,Sulphur Dioxide,2025-10-15T14:00:00-06:00,
Powers,Fine Particulate Matter,2025-10-15T14:00:00-06:00,
Powers,Wind Speed,2025-10-15T14:00:00-06:00,
Powers,Wind Direction,2025-10-15T14:00:00-06:00,
Powers,Total Oxides of Nitrogen,2025-10-15T14:00:00-06:00,
Powers,Outdoor Temperature,2025-10-15T14:00:00-06:00,
Powers,Nitrogen Dioxide,2025-10-15T14:00:00-06:00,
Powers,Nitric Oxide,2025-10-15T14:00:00-06:00,
Powers,Total Oxides of Nitrogen,2025-10-15T13:00:00-06:00,
Powers,Fine Particulate Matter,2025-10-15T13:00:00-06:00,
Powers,Nitrogen Dioxide,2025-10-15T13:00:00-06:00,
Powers,Nitric Oxide,2025-10-15T13:00:00-06:00,
Powers,Relative Humidity,2025-10-15T13:00:00-06:00,
Powers,Sulphur Dioxide,2025-10-15T13:00:00-06:00,
Powers,Wind Direction,2025-10-15T13:00:00-06:00,
Powers,Wind Speed,2025-10-15T13:00:00-06:00,
Powers,Outdoor Temperature,2025-10-15T13:00:00-06:00,
Powers,Wind Speed,2025-10-15T12:00:00-06:00,
Powers,Outdoor Temperature,2025-10-15T12:00:00-06:00,
Powers,Wind Direction,2025-10-15T12:00:00-06:00,
Powers,Fine Particulate Matter,2025-10-15T12:00:00-06:00,
Powers,Sulphur Dioxide,2025-10-15T12:00:00-06:00,
Powers,Nitric Oxide,2025-10-15T12:00:00-06:00,
Powers,Total Oxides of Nitrogen,2025-10-15T12:00:00-06:00,
Powers,Relative Humidity,2025-10-15T12:00:00-06:00,
Powers,Nitrogen Dioxide,2025-10-15T12:00:00-06:00,
Powers,Outdoor Temperature,2025-10-15T11:00:00-06:00,
Powers,Wind Direction,2025-10-15T11:00:00-06:00,
Powers,Fine Particulate Matter,2025-10-15T11:00:00-06:00,
Powers,Total Oxides of Nitrogen,2025-10-15T11:00:00-06:00,
Powers,Sulphur Dioxide,2025-10-15T11:00:00-06:00,
Powers,Wind Speed,2025-10-15T11:00:00-06:00,
Powers,Nitrogen Dioxide,2025-10-15T11:00:00-06:00,
Powers,Nitric Oxide,2025-10-15T11:00:00-06:00,
Powers,Relative Humidity,2025-10-15T11:00:00-06:00,
Powers,Outdoor Temperature,2025-10-15T10:00:00-06:00,
Powers,Fine Particulate Matter,2025-10-15T10:00:00-06:00,
Powers,Nitrogen Dioxide,2025-10-15T10:00:00-06:00,
Powers,Nitric Oxide,2025-10-15T10:00:00-06:00,
Powers,Wind Direction,2025-10-15T10:00:00-06:00,
Powers,Relative Humidity,2025-10-15T10:00:00-06:00,
Powers,Total Oxides of Nitrogen,2025-10-15T10:00:00-06:00,
Powers,Sulphur Dioxide,2025-10-15T10:00:00-06:00,
Powers,Wind Speed,2025-10-15T10:00:00-06:00,
Powers,Nitric Oxide,2025-10-15T09:00:00-06:00,
Powers,Fine Particulate Matter,2025-10-15T09:00:00-06:00,
Powers,Wind Speed,2025-10-15T09:00:00-06:00,
Powers,Sulphur Dioxide,2025-10-15T09:00:00-06:00,
Powers,Total Oxides of Nitrogen,2025-10-15T09:00:00-06:00,
Powers,Wind Direction,2025-10-15T09:00:00-06:00,
Powers,Outdoor Temperature,2025-10-15T09:00:00-06:00,
Powers,Nitrogen Dioxide,2025-10-15T09:00:00-06:00,
Powers,Relative Humidity,2025-10-15T09:00:00-06:00,
Powers,Wind Speed,2025-10-15T08:00:00-06:00,
Powers,Outdoor Temperature,2025-10-15T08:00:00-06:00,
Powers,Total Oxides of Nitrogen,2025-10-15T08:00:00-06:00,
Powers,Fine Particulate Matter,2025-10-15T08:00:00-06:00,
Powers,Nitrogen Dioxide,2025-10-15T08:00:00-06:00,
Powers,Nitric Oxide,2025-10-15T08:00:00-06:00,
Powers,Relative Humidity,2025-10-15T08:00:00-06:00,
Powers,Sulphur Dioxide,2025-10-15T08:00:00-06:00,
Powers,Wind Direction,2025-10-15T08:00:00-06:00,
Powers,Outdoor Temperature,2025-10-15T07:00:00-06:00,
Powers,Wind Speed,2025-10-15T07:00:00-06:00,
Powers,Wind Direction,2025-10-15T07:00:00-06:00,
Powers,Relative Humidity,2025-10-15T07:00:00-06:00,
Powers,Fine Particulate Matter,2025-10-15T07:00:00-06:00,
Powers,Sulphur Dioxide,2025-10-15T07:00:00-06:00,
Powers,Total Oxides of Nitrogen,2025-10-15T07:00:00-06:00,
Powers,Nitrogen Dioxide,2025-10-15T07:00:00-06:00,
Powers,Nitric Oxide,2025-10-15T07:00:00-06:00,
Powers,Outdoor Temperature,2025-10-15T06:00:00-06:00,
Powers,Wind Direction,2025-10-15T06:00:00-06:00,
Powers,Wind Speed,2025-10-15T06:00:00-06:00,
Powers,Nitrogen Dioxide,2025-10-15T06:00:00-06:00,
Powers,Sulphur Dioxide,2025-10-15T06:00:00-06:00,
Powers,Fine Particulate Matter,2025-10-15T06:00:00-06:00,
Powers,Nitric Oxide,2025-10-15T06:00:00-06:00,
Powers,Relative Humidity,2025-10-15T06:00:00-06:00,
Powers,Total Oxides of Nitrogen,2025-10-15T06:00:00-06:00,
Powers,Outdoor Temperature,2025-10-15T05:00:00-06:00,
Powers,Wind Speed,2025-10-15T05:00:00-06:00,
Powers,Sulphur Dioxide,2025-10-15T05:00:00-06:00,
Powers,Total Oxides of Nitrogen,2025-10-15T05:00:00-06:00,
Powers,Nitric Oxide,2025-10-15T05:00:00-06:00,
Powers,Nitrogen Dioxide,2025-10-15T05:00:00-06:00,
Powers,Relative Humidity,2025-10-15T05:00:00-06:00,
Powers,Fine Particulate Matter,2025-10-15T05:00:00-06:00,
Powers,Wind Direction,2025-10-15T05:00:00-06:00,
Powers,Wind Direction,2025-10-15T04:00:00-06:00,
Powers,Outdoor Temperature,2025-10-15T04:00:00-06:00,
Powers,Wind Speed,2025-10-15T04:00:00-06:00,
Powers,Sulphur Dioxide,2025-10-15T04:00:00-06:00,
Powers,Total Oxides of Nitrogen,2025-10-15T04:00:00-06:00,
Powers,Nitrogen Dioxide,2025-10-15T04:00:00-06:00,
Powers,Relative Humidity,2025-10-15T04:00:00-06:00,
Powers,Fine Particulate Matter,2025-10-15T04:00:00-06:00,
Powers,Nitric Oxide,2025-10-15T04:00:00-06:00,
Powers,Wind Direction,2025-10-15T03:00:00-06:00,
Powers,Outdoor Temperature,2025-10-15T03:00:00-06:00,
Powers,Wind Speed,2025-10-15T03:00:00-06:00,
Powers,Nitric Oxide,2025-10-15T03:00:00-06:00,
Powers,Total Oxides of Nitrogen,2025-10-15T03:00:00-06:00,
Powers,Sulphur Dioxide,2025-10-15T03:00:00-06:00,
Powers,Fine Particulate Matter,2025-10-15T03:00:00-06:00,
Powers,Relative Humidity,2025-10-15T03:00:00-06:00,
Powers,Nitrogen Dioxide,2025-10-15T03:00:00-06:00,
Powers,Wind Direction,2025-10-15T02:00:00-06:00,
Powers,Outdoor Temperature,2025-10-15T02:00:00-06:00,
Powers,Wind Speed,2025-10-15T02:00:00-06:00,
Powers,Nitric Oxide,2025-10-15T02:00:00-06:00,
Powers,Nitrogen Dioxide,2025-10-15T02:00:00-06:00,
Powers,Fine Particulate Matter,2025-10-15T02:00:00-06:00,
Powers,Sulphur Dioxide,2025-10-15T02:00:00-06:00,
Powers,Total Oxides of Nitrogen,2025-10-15T02:00:00-06:00,
Powers,Relative Humidity,2025-10-15T02:00:00-06:00,
Powers,Fine Particulate Matter,2025-10-15T01:00:00-06:00,
Powers,Wind Direction,2025-10-15T01:00:00-06:00,
Powers,Nitric Oxide,2025-10-15T01:00:00-06:00,
Powers,Sulphur Dioxide,2025-10-15T01:00:00-06:00,
Powers,Total Oxides of Nitrogen,2025-10-15T01:00:00-06:00,
Powers,Nitrogen Dioxide,2025-10-15T01:00:00-06:00,
Powers,Outdoor Temperature,2025-10-15T01:00:00-06:00,
Powers,Wind Speed,2025-10-15T01:00:00-06:00,
Powers,Relative Humidity,2025-10-15T01:00:00-06:00,
Powers,Wind Speed,2025-10-15T00:00:00-06:00,
Powers,Sulphur Dioxide,2025-10-15T00:00:00-06:00,
Powers,Relative Humidity,2025-10-15T00:00:00-06:00,
Powers,Nitric Oxide,2025-10-15T00:00:00-06:00,
Powers,Fine Particulate Matter,2025-10-15T00:00:00-06:00,
Powers,Total Oxides of Nitrogen,2025-10-15T00:00:00-06:00,
Powers,Nitrogen Dioxide,2025-10-15T00:00:00-06:00,
Powers,Outdoor Temperature,2025-10-15T00:00:00-06:00,
Powers,Wind Direction,2025-10-15T00:00:00-06:00,
Powers,Nitric Oxide,2025-10-14T23:00:00-06:00,
Powers,Relative Humidity,2025-10-14T23:00:00-06:00,
Powers,Sulphur Dioxide,2025-10-14T23:00:00-06:00,
Powers,Wind Direction,2025-10-14T23:00:00-06:00,
Powers,Fine Particulate Matter,2025-10-14T23:00:00-06:00,
Powers,Nitrogen Dioxide,2025-10-14T23:00:00-06:00,
Powers,Total Oxides of Nitrogen,2025-10-14T23:00:00-06:00,
Powers,Wind Speed,2025-10-14T23:00:00-06:00,
Powers,Outdoor Temperature,2025-10-14T23:00:00-06:00,
Powers,Nitric Oxide,2025-10-14T22:00:00-06:00,
Powers,Wind Speed,2025-10-14T22:00:00-06:00,
Powers,Sulphur Dioxide,2025-10-14T22:00:00-06:00,
Powers,Fine Particulate Matter,2025-10-14T22:00:00-06:00,
Powers,Wind Direction,2025-10-14T22:00:00-06:00,
Powers,Total Oxides of Nitrogen,2025-10-14T22:00:00-06:00,
Powers,Relative Humidity,2025-10-14T22:00:00-06:00,
Powers,Nitrogen Dioxide,2025-10-14T22:00:00-06:00,
Powers,Outdoor Temperature,2025-10-14T22:00:00-06:00,
Powers,Sulphur Dioxide,2025-10-14T21:00:00-06:00,
Powers,Nitrogen Dioxide,2025-10-14T21:00:00-06:00,
Powers,Fine Particulate Matter,2025-10-14T21:00:00-06:00,
Powers,Total Oxides of Nitrogen,2025-10-14T21:00:00-06:00,
Powers,Nitric Oxide,2025-10-14T21:00:00-06:00,
Powers,Wind Speed,2025-10-14T21:00:00-06:00,
Powers,Relative Humidity,2025-10-14T21:00:00-06:00,
Powers,Wind Direction,2025-10-14T21:00:00-06:00,
Powers,Outdoor Temperature,2025-10-14T21:00:00-06:00,
Powers,Nitrogen Dioxide,2025-10-14T20:00:00-06:00,
Powers,Relative Humidity,2025-10-14T20:00:00-06:00,
Powers,Wind Direction,2025-10-14T20:00:00-06:00,
Powers,Total Oxides of Nitrogen,2025-10-14T20:00:00-06:00,
Powers,Wind Speed,2025-10-14T20:00:00-06:00,
Powers,Nitric Oxide,2025-10-14T20:00:00-06:00,
Powers,Sulphur Dioxide,2025-10-14T20:00:00-06:00,
Powers,Outdoor Temperature,2025-10-14T20:00:00-06:00,
Powers,Fine Particulate Matter,2025-10-14T20:00:00-06:00,
Powers,Wind Speed,2025-10-14T19:00:00-06:00,
Powers,Wind Direction,2025-10-14T19:00:00-06:00,
Powers,Nitric Oxide,2025-10-14T19:00:00-06:00,
Powers,Outdoor Temperature,2025-10-14T19:00:00-06:00,
Powers,Nitrogen Dioxide,2025-10-14T19:00:00-06:00,
Powers,Relative Humidity,2025-10-14T19:00:00-06:00,
Powers,Total Oxides of Nitrogen,2025-10-14T19:00:00-06:00,
Powers,Sulphur Dioxide,2025-10-14T19:00:00-06:00,
Powers,Fine Particulate Matter,2025-10-14T19:00:00-06:00,
Powers,Outdoor Temperature,2025-10-14T18:00:00-06:00,
Powers,Nitrogen Dioxide,2025-10-14T18:00:00-06:00,
Powers,Relative Humidity,2025-10-14T18:00:00-06:00,
Powers,Sulphur Dioxide,2025-10-14T18:00:00-06:00,
Powers,Wind Direction,2025-10-14T18:00:00-06:00,
Powers,Total Oxides of Nitrogen,2025-10-14T18:00:00-06:00,
Powers,Wind Speed,2025-10-14T18:00:00-06:00,
Powers,Fine Particulate Matter,2025-10-14T18:00:00-06:00,
Powers,Nitric Oxide,2025-10-14T18:00:00-06:00,
Powers,Fine Particulate Matter,2025-10-14T17:00:00-06:00,
Powers,Nitric Oxide,2025-10-14T17:00:00-06:00,
Powers,Total Oxides of Nitrogen,2025-10-14T17:00:00-06:00,
Powers,Wind Speed,2025-10-14T17:00:00-06:00,
Powers,Nitrogen Dioxide,2025-10-14T17:00:00-06:00,
Powers,Sulphur Dioxide,2025-10-14T17:00:00-06:00,
Powers,Outdoor Temperature,2025-10-14T17:00:00-06:00,
Powers,Wind Direction,2025-10-14T17:00:00-06:00,
Powers,Relative Humidity,2025-10-14T17:00:00-06:00,
Powers,Wind Speed,2025-10-14T16:00:00-06:00,
Powers,Wind Direction,2025-10-14T16:00:00-06:00,
Powers,Nitrogen Dioxide,2025-10-14T16:00:00-06:00,
Powers,Nitric Oxide,2025-10-14T16:00:00-06:00,
Powers,Sulphur Dioxide,2025-10-14T16:00:00-06:00,
Powers,Total Oxides of Nitrogen,2025-10-14T16:00:00-06:00,
Powers,Fine Particulate Matter,2025-10-14T16:00:00-06:00,
Powers,Relative Humidity,2025-10-14T16:00:00-06:00,
Powers,Outdoor Temperature,2025-10-14T16:00:00-06:00,
Powers,Outdoor Temperature,2025-10-14T15:00:00-06:00,
Powers,Total Oxides of Nitrogen,2025-10-14T15:00:00-06:00,
Powers,Nitrogen Dioxide,2025-10-14T15:00:00-06:00,
Powers,Fine Particulate Matter,2025-10-14T15:00:00-06:00,
Powers,Wind Direction,2025-10-14T15:00:00-06:00,
Powers,Relative Humidity,2025-10-14T15:00:00-06:00,
Powers,Wind Speed,2025-10-14T15:00:00-06:00,
Powers,Nitric Oxide,2025-10-14T15:00:00-06:00,
Powers,Sulphur Dioxide,2025-10-14T15:00:00-06:00,
Powers,Relative Humidity,2025-10-14T14:00:00-06:00,
Powers,Sulphur Dioxide,2025-10-14T14:00:00-06:00,
Powers,Total Oxides of Nitrogen,2025-10-14T14:00:00-06:00,
Powers,Fine Particulate Matter,2025-10-14T14:00:00-06:00,
Powers,Nitrogen Dioxide,2025-10-14T14:00:00-06:00,
Powers,Wind Speed,2025-10-14T14:00:00-06:00,
Powers,Wind Direction,2025-10-14T14:00:00-06:00,
Powers,Nitric Oxide,2025-10-14T14:00:00-06:00,
Powers,Outdoor Temperature,2025-10-14T14:00:00-06:00,
Powers,Wind Direction,2025-10-14T13:00:00-06:00,
Powers,Total Oxides of Nitrogen,2025-10-14T13:00:00-06:00,
Powers,Relative Humidity,2025-10-14T13:00:00-06:00,
Powers,Nitrogen Dioxide,2025-10-14T13:00:00-06:00,
Powers,Fine Particulate Matter,2025-10-14T13:00:00-06:00,
Powers,Wind Speed,2025-10-14T13:00:00-06:00,
Powers,Nitric Oxide,2025-10-14T13:00:00-06:00,
Powers,Sulphur Dioxide,2025-10-14T13:00:00-06:00,
Powers,Outdoor Temperature,2025-10-14T13:00:00-06:00,
Powers,Sulphur Dioxide,2025-10-14T12:00:00-06:00,
Powers,Nitric Oxide,2025-10-14T12:00:00-06:00,
Powers,Wind Speed,2025-10-14T12:00:00-06:00,
Powers,Fine Particulate Matter,2025-10-14T12:00:00-06:00,
Powers,Total Oxides of Nitrogen,2025-10-14T12:00:00-06:00,
Powers,Nitrogen Dioxide,2025-10-14T12:00:00-06:00,
Powers,Wind Direction,2025-10-14T12:00:00-06:00,
Powers,Relative Humidity,2025-10-14T12:00:00-06:00,
Powers,Outdoor Temperature,2025-10-14T12:00:00-06:00,
Powers,Total Oxides of Nitrogen,2025-10-14T11:00:00-06:00,
Powers,Nitric Oxide,2025-10-14T11:00:00-06:00,
Powers,Nitrogen Dioxide,2025-10-14T11:00:00-06:00,
Powers,Sulphur Dioxide,2025-10-14T11:00:00-06:00,
Powers,Wind Direction,2025-10-14T11:00:00-06:00,
Powers,Relative Humidity,2025-10-14T11:00:00-06:00,
Powers,Wind Speed,2025-10-14T11:00:00-06:00,
Powers,Fine Particulate Matter,2025-10-14T11:00:00-06:00,
Powers,Outdoor Temperature,2025-10-14T11:00:00-06:00,
Powers,Sulphur Dioxide,2025-10-14T10:00:00-06:00,
Powers,Nitric Oxide,2025-10-14T10:00:00-06:00,
Powers,Total Oxides of Nitrogen,2025-10-14T10:00:00-06:00,
Powers,Wind Speed,2025-10-14T10:00:00-06:00,
Powers,Nitrogen Dioxide,2025-10-14T10:00:00-06:00,
Powers,Fine Particulate Matter,2025-10-14T10:00:00-06:00,
Powers,Wind Direction,2025-10-14T10:00:00-06:00,
Powers,Relative Humidity,2025-10-14T10:00:00-06:00,
Powers,Outdoor Temperature,2025-10-14T10:00:00-06:00,
Powers,Relative Humidity,2025-10-14T09:00:00-06:00,
Powers,Nitrogen Dioxide,2025-10-14T09:00:00-06:00,
Powers,Nitric Oxide,2025-10-14T09:00:00-06:00,
Powers,Fine Particulate Matter,2025-10-14T09:00:00-06:00,
Powers,Sulphur Dioxide,2025-10-14T09:00:00-06:00,
Powers,Total Oxides of Nitrogen,2025-10-14T09:00:00-06:00,
Powers,Wind Direction,2025-10-14T09:00:00-06:00,
Powers,Wind Speed,2025-10-14T09:00:00-06:00,
Powers,Outdoor Temperature,2025-10-14T09:00:00-06:00,
Powers,Outdoor Temperature,2025-10-14T08:00:00-06:00,
Powers,Relative Humidity,2025-10-14T08:00:00-06:00,
Powers,Fine Particulate Matter,2025-10-14T08:00:00-06:00,
Powers,Total Oxides of Nitrogen,2025-10-14T08:00:00-06:00,
Powers,Wind Speed,2025-10-14T08:00:00-06:00,
Powers,Nitric Oxide,2025-10-14T08:00:00-06:00,
Powers,Sulphur Dioxide,2025-10-14T08:00:00-06:00,
Powers,Wind Direction,2025-10-14T08:00:00-06:00,
Powers,Nitrogen Dioxide,2025-10-14T08:00:00-06:00,
Powers,Nitric Oxide,2025-10-14T07:00:00-06:00,
Powers,Nitrogen Dioxide,2025-10-14T07:00:00-06:00,
Powers,Wind Speed,2025-10-14T07:00:00-06:00,
Powers,Total Oxides of Nitrogen,2025-10-14T07:00:00-06:00,
Powers,Sulphur Dioxide,2025-10-14T07:00:00-06:00,
Powers,Wind Direction,2025-10-14T07:00:00-06:00,
Powers,Fine Particulate Matter,2025-10-14T07:00:00-06:00,
Powers,Relative Humidity,2025-10-14T07:00:00-06:00,
Powers,Outdoor Temperature,2025-10-14T07:00:00-06:00,
Powers,Total Oxides of Nitrogen,2025-10-14T06:00:00-06:00,
Powers,Nitrogen Dioxide,2025-10-14T06:00:00-06:00,
Powers,Relative Humidity,2025-10-14T06:00:00-06:00,
Powers,Nitric Oxide,2025-10-14T06:00:00-06:00,
Powers,Wind Direction,2025-10-14T06:00:00-06:00,
Powers,Wind Speed,2025-10-14T06:00:00-06:00,
Powers,Sulphur Dioxide,2025-10-14T06:00:00-06:00,
Powers,Fine Particulate Matter,2025-10-14T06:00:00-06:00,
Powers,Outdoor Temperature,2025-10-14T06:00:00-06:00,
Powers,Outdoor Temperature,2025-10-14T05:00:00-06:00,
Powers,Total Oxides of Nitrogen,2025-10-14T05:00:00-06:00,
Powers,Nitric Oxide,2025-10-14T05:00:00-06:00,
Powers,Wind Speed,2025-10-14T05:00:00-06:00,
Powers,Wind Direction,2025-10-14T05:00:00-06:00,
Powers,Relative Humidity,2025-10-14T05:00:00-06:00,
Powers,Nitrogen Dioxide,2025-10-14T05:00:00-06:00,
Powers,Sulphur Dioxide,2025-10-14T05:00:00-06:00,
Powers,Fine Particulate Matter,2025-10-14T05:00:00-06:00,
Powers,Outdoor Temperature,2025-10-14T04:00:00-06:00,
Powers,Nitrogen Dioxide,2025-10-14T04:00:00-06:00,
Powers,Fine Particulate Matter,2025-10-14T04:00:00-06:00,
Powers,Sulphur Dioxide,2025-10-14T04:00:00-06:00,
Powers,Total Oxides of Nitrogen,2025-10-14T04:00:00-06:00,
Powers,Wind Speed,2025-10-14T04:00:00-06:00,
Powers,Relative Humidity,2025-10-14T04:00:00-06:00,
Powers,Wind Direction,2025-10-14T04:00:00-06:00,
Powers,Nitric Oxide,2025-10-14T04:00:00-06:00,
Powers,Wind Direction,2025-10-14T03:00:00-06:00,
Powers,Fine Particulate Matter,2025-10-14T03:00:00-06:00,
Powers,Nitrogen Dioxide,2025-10-14T03:00:00-06:00,
Powers,Nitric Oxide,2025-10-14T03:00:00-06:00,
Powers,Total Oxides of Nitrogen,2025-10-14T03:00:00-06:00,
Powers,Relative Humidity,2025-10-14T03:00:00-06:00,
Powers,Wind Speed,2025-10-14T03:00:00-06:00,
Powers,Sulphur Dioxide,2025-10-14T03:00:00-06:00,
Powers,Outdoor Temperature,2025-10-14T03:00:00-06:00,
Powers,Outdoor Temperature,2025-10-14T02:00:00-06:00,
Powers,Fine Particulate Matter,2025-10-14T02:00:00-06:00,
Powers,Sulphur Dioxide,2025-10-14T02:00:00-06:00,
Powers,Wind Direction,2025-10-14T02:00:00-06:00,
Powers,Relative Humidity,2025-10-14T02:00:00-06:00,
Powers,Nitric Oxide,2025-10-14T02:00:00-06:00,
Powers,Total Oxides of Nitrogen,2025-10-14T02:00:00-06:00,
Powers,Wind Speed,2025-10-14T02:00:00-06:00,
Powers,Nitrogen Dioxide,2025-10-14T02:00:00-06:00,
Powers,Nitric Oxide,2025-10-14T01:00:00-06:00,
Powers,Wind Direction,2025-10-14T01:00:00-06:00,
Powers,Sulphur Dioxide,2025-10-14T01:00:00-06:00,
Powers,Total Oxides of Nitrogen,2025-10-14T01:00:00-06:00,
Powers,Relative Humidity,2025-10-14T01:00:00-06:00,
Powers,Wind Speed,2025-10-14T01:00:00-06:00,
Powers,Outdoor Temperature,2025-10-14T01:00:00-06:00,
Powers,Fine Particulate Matter,2025-10-14T01:00:00-06:00,
Powers,Nitrogen Dioxide,2025-10-14T01:00:00-06:00,
Powers,Sulphur Dioxide,2025-10-14T00:00:00-06:00,
Powers,Wind Speed,2025-10-14T00:00:00-06:00,
Powers,Fine Particulate Matter,2025-10-14T00:00:00-06:00,
Powers,Outdoor Temperature,2025-10-14T00:00:00-06:00,
Powers,Wind Direction,2025-10-14T00:00:00-06:00,
Powers,Relative Humidity,2025-10-14T00:00:00-06:00,
Powers,Nitric Oxide,2025-10-14T00:00:00-06:00,
Powers,Total Oxides of Nitrogen,2025-10-14T00:00:00-06:00,
Powers,Nitrogen Dioxide,2025-10-14T00:00:00-06:00,
Powers,Fine Particulate Matter,2025-10-13T23:00:00-06:00,
Powers,Outdoor Temperature,2025-10-13T23:00:00-06:00,
Powers,Wind Direction,2025-10-13T23:00:00-06:00,
Powers,Nitric Oxide,2025-10-13T23:00:00-06:00,
Powers,Total Oxides of Nitrogen,2025-10-13T23:00:00-06:00,
Powers,Nitrogen Dioxide,2025-10-13T23:00:00-06:00,
Powers,Relative Humidity,2025-10-13T23:00:00-06:00,
Powers,Wind Speed,2025-10-13T23:00:00-06:00,
Powers,Sulphur Dioxide,2025-10-13T23:00:00-06:00,
Powers,Total Oxides of Nitrogen,2025-10-13T22:00:00-06:00,
Powers,Nitric Oxide,2025-10-13T22:00:00-06:00,
Powers,Nitrogen Dioxide,2025-10-13T22:00:00-06:00,
Powers,Wind Direction,2025-10-13T22:00:00-06:00,
Powers,Outdoor Temperature,2025-10-13T22:00:00-06:00,
Powers,Relative Humidity,2025-10-13T22:00:00-06:00,
Powers,Fine Particulate Matter,2025-10-13T22:00:00-06:00,
Powers,Wind Speed,2025-10-13T22:00:00-06:00,
Powers,Sulphur Dioxide,2025-10-13T22:00:00-06:00,
Powers,Nitrogen Dioxide,2025-10-13T21:00:00-06:00,
Powers,Total Oxides of Nitrogen,2025-10-13T21:00:00-06:00,
Powers,Nitric Oxide,2025-10-13T21:00:00-06:00,
Powers,Wind Direction,2025-10-13T21:00:00-06:00,
Powers,Relative Humidity,2025-10-13T21:00:00-06:00,
Powers,Outdoor Temperature,2025-10-13T21:00:00-06:00,
Powers,Fine Particulate Matter,2025-10-13T21:00:00-06:00,
Powers,Wind Speed,2025-10-13T21:00:00-06:00,
Powers,Sulphur Dioxide,2025-10-13T21:00:00-06:00,
Powers,Nitrogen Dioxide,2025-10-13T20:00:00-06:00,
Powers,Total Oxides of Nitrogen,2025-10-13T20:00:00-06:00,
Powers,Nitric Oxide,2025-10-13T20:00:00-06:00,
Powers,Wind Direction,2025-10-13T20:00:00-06:00,
Powers,Relative Humidity,2025-10-13T20:00:00-06:00,
Powers,Outdoor Temperature,2025-10-13T20:00:00-06:00,
Powers,Fine Particulate Matter,2025-10-13T20:00:00-06:00,
Powers,Wind Speed,2025-10-13T20:00:00-06:00,
Powers,Sulphur Dioxide,2025-10-13T20:00:00-06:00,
Powers,Nitrogen Dioxide,2025-10-13T19:00:00-06:00,
Powers,Total Oxides of Nitrogen,2025-10-13T19:00:00-06:00,
Powers,Nitric Oxide,2025-10-13T19:00:00-06:00,
Powers,Wind Direction,2025-10-13T19:00:00-06:00,
Powers,Relative Humidity,2025-10-13T19:00:00-06:00,
Powers,Outdoor Temperature,2025-10-13T19:00:00-06:00,
Powers,Fine Particulate Matter,2025-10-13T19:00:00-06:00,
Powers,Wind Speed,2025-10-13T19:00:00-06:00,
Powers,Sulphur Dioxide,2025-10-13T19:00:00-06:00,
